event_type,node,reason,station_id,task_id,time,vehicle_id
task_released,,,,38,1,
task_released,,,,49,2,
task_released,,,,6,10,
task_released,,,,50,11,
task_released,,,,26,13,
task_completed,,,,38,14,
task_released,,,,83,18,
task_completed,,,,6,19,
task_completed,,,,49,20,
task_released,,,,75,23,
task_completed,,,,50,24,
vehicle_became_idle,,reach_depot,,,28,0
task_released,,,,10,29,
vehicle_became_idle,,reach_depot,,,29,2
task_released,,,,39,31,
task_released,,,,35,32,
task_released,,,,85,33,
task_released,,,,88,33,
task_completed,,,,83,33,
task_released,,,,31,35,
task_completed,,,,26,36,
vehicle_became_idle,,reach_depot,,,38,3
task_completed,,,,75,38,
vehicle_became_idle,,reach_depot,,,39,1
task_released,,,,66,41,
task_released,,,,81,42,
task_released,,,,94,42,
task_released,,,,32,43,
task_completed,,,,31,43,
vehicle_became_idle,,reach_depot,,,48,3
task_released,,,,17,49,
vehicle_became_idle,,reach_depot,,,49,5
task_completed,,,,10,50,
task_completed,,,,66,50,
task_completed,,,,39,50,
task_completed,,,,35,51,
task_completed,,,,85,51,
task_released,,,,73,54,
vehicle_became_idle,,reach_depot,,,54,6
task_completed,,,,88,54,
task_released,,,,60,55,
task_released,,,,90,55,
vehicle_became_idle,,reach_depot,,,60,1
vehicle_became_idle,,reach_depot,,,60,4
task_completed,,,,60,65,
task_completed,,,,17,66,
task_completed,,,,94,68,
vehicle_became_idle,,reach_depot,,,70,2
vehicle_became_idle,,reach_depot,,,70,8
vehicle_became_idle,,reach_depot,,,71,7
vehicle_became_idle,,reach_depot,,,72,0
task_completed,,,,81,72,
task_released,,,,14,75,
vehicle_became_idle,,reach_depot,,,76,6
vehicle_became_idle,,reach_depot,,,76,9
vehicle_reached_station,,,0,,77,0
task_released,,,,43,79,
vehicle_became_idle,,reach_depot,,,83,5
vehicle_became_idle,,reach_depot,,,84,1
charge_unreachable,0,,,,84,1
charge_unreachable,0,,,,85,1
task_released,,,,96,86,
charge_unreachable,0,,,,86,1
task_released,,,,74,87,
charge_unreachable,0,,,,87,1
charge_unreachable,0,,,,88,1
vehicle_became_idle,,reach_depot,,,88,3
task_released,,,,25,89,
charge_unreachable,0,,,,89,1
task_released,,,,91,90,
charge_unreachable,0,,,,90,1
charge_unreachable,0,,,,91,1
charge_unreachable,0,,,,92,1
task_completed,,,,43,92,
charge_unreachable,0,,,,93,1
vehicle_reached_station,,,0,,93,3
charge_unreachable,0,,,,94,1
task_completed,,,,14,94,
vehicle_finished_charging,,,0,,94,0
charge_unreachable,0,,,,95,1
charge_unreachable,0,,,,96,1
task_released,,,,76,97,
charge_unreachable,0,,,,97,1
task_released,,,,1,98,
charge_unreachable,0,,,,98,1
charge_unreachable,0,,,,99,1
charge_unreachable,0,,,,100,1
task_completed,,,,74,100,
task_completed,,,,96,100,
task_released,,,,19,101,
charge_unreachable,0,,,,101,1
charge_unreachable,0,,,,102,1
charge_unreachable,0,,,,103,1
charge_unreachable,0,,,,104,1
charge_unreachable,0,,,,105,1
charge_unreachable,0,,,,106,1
vehicle_became_idle,,reach_depot,,,106,4
charge_unreachable,0,,,,107,1
charge_unreachable,0,,,,108,1
task_completed,,,,76,108,
charge_unreachable,0,,,,109,1
charge_unreachable,0,,,,110,1
charge_unreachable,0,,,,111,1
vehicle_reached_station,,,0,,111,4
vehicle_finished_charging,,,0,,111,3
charge_unreachable,0,,,,112,1
charge_unreachable,0,,,,113,1
task_released,,,,42,114,
charge_unreachable,0,,,,114,1
vehicle_became_idle,,reach_depot,,,114,6
charge_unreachable,0,,,,114,6
vehicle_became_idle,,reach_depot,,,114,7
charge_unreachable,0,,,,114,7
task_released,,,,95,115,
charge_unreachable,0,,,,115,1
charge_unreachable,0,,,,115,6
charge_unreachable,0,,,,115,7
vehicle_became_idle,,reach_depot,,,115,8
charge_unreachable,0,,,,115,8
task_released,,,,0,116,
charge_unreachable,0,,,,116,1
charge_unreachable,0,,,,116,6
charge_unreachable,0,,,,116,7
charge_unreachable,0,,,,116,8
charge_unreachable,0,,,,117,1
charge_unreachable,0,,,,117,6
charge_unreachable,0,,,,117,7
charge_unreachable,0,,,,117,8
charge_unreachable,0,,,,118,1
charge_unreachable,0,,,,118,6
charge_unreachable,0,,,,118,7
charge_unreachable,0,,,,118,8
charge_unreachable,0,,,,119,1
charge_unreachable,0,,,,119,6
charge_unreachable,0,,,,119,7
charge_unreachable,0,,,,119,8
task_completed,,,,25,120,
charge_unreachable,0,,,,120,1
vehicle_became_idle,,reach_depot,,,120,2
charge_unreachable,0,,,,120,2
charge_unreachable,0,,,,120,6
charge_unreachable,0,,,,120,7
charge_unreachable,0,,,,120,8
charge_unreachable,0,,,,121,1
charge_unreachable,0,,,,121,2
charge_unreachable,0,,,,121,6
charge_unreachable,0,,,,121,7
charge_unreachable,0,,,,121,8
charge_unreachable,0,,,,122,1
charge_unreachable,0,,,,122,2
charge_unreachable,0,,,,122,6
charge_unreachable,0,,,,122,7
charge_unreachable,0,,,,122,8
charge_unreachable,0,,,,123,1
charge_unreachable,0,,,,123,2
charge_unreachable,0,,,,123,6
charge_unreachable,0,,,,123,7
charge_unreachable,0,,,,123,8
task_released,,,,22,124,
charge_unreachable,0,,,,124,1
charge_unreachable,0,,,,124,2
charge_unreachable,0,,,,124,6
charge_unreachable,0,,,,124,7
charge_unreachable,0,,,,124,8
charge_unreachable,0,,,,125,1
charge_unreachable,0,,,,125,2
charge_unreachable,0,,,,125,6
charge_unreachable,0,,,,125,7
charge_unreachable,0,,,,125,8
task_released,,,,2,126,
charge_unreachable,0,,,,126,1
charge_unreachable,0,,,,126,2
charge_unreachable,0,,,,126,6
charge_unreachable,0,,,,126,7
charge_unreachable,0,,,,126,8
charge_unreachable,0,,,,127,1
charge_unreachable,0,,,,127,2
charge_unreachable,0,,,,127,6
charge_unreachable,0,,,,127,7
charge_unreachable,0,,,,127,8
charge_unreachable,0,,,,128,1
charge_unreachable,0,,,,128,2
charge_unreachable,0,,,,128,6
charge_unreachable,0,,,,128,7
charge_unreachable,0,,,,128,8
charge_unreachable,0,,,,129,1
charge_unreachable,0,,,,129,2
charge_unreachable,0,,,,129,6
charge_unreachable,0,,,,129,7
charge_unreachable,0,,,,129,8
task_completed,,,,95,129,
vehicle_finished_charging,,,0,,129,4
charge_unreachable,0,,,,130,1
charge_unreachable,0,,,,130,2
charge_unreachable,0,,,,130,6
charge_unreachable,0,,,,130,7
charge_unreachable,0,,,,130,8
charge_unreachable,0,,,,131,1
charge_unreachable,0,,,,131,2
charge_unreachable,0,,,,131,6
charge_unreachable,0,,,,131,7
charge_unreachable,0,,,,131,8
task_released,,,,8,132,
charge_unreachable,0,,,,132,1
charge_unreachable,0,,,,132,2
charge_unreachable,0,,,,132,6
charge_unreachable,0,,,,132,7
charge_unreachable,0,,,,132,8
charge_unreachable,0,,,,133,1
charge_unreachable,0,,,,133,2
charge_unreachable,0,,,,133,6
charge_unreachable,0,,,,133,7
charge_unreachable,0,,,,133,8
charge_unreachable,0,,,,134,1
charge_unreachable,0,,,,134,2
charge_unreachable,0,,,,134,6
charge_unreachable,0,,,,134,7
charge_unreachable,0,,,,134,8
charge_unreachable,0,,,,135,1
charge_unreachable,0,,,,135,2
task_completed,,,,91,135,
charge_unreachable,0,,,,135,6
charge_unreachable,0,,,,135,7
charge_unreachable,0,,,,135,8
task_released,,,,23,136,
charge_unreachable,0,,,,136,1
charge_unreachable,0,,,,136,2
charge_unreachable,0,,,,136,6
charge_unreachable,0,,,,136,7
charge_unreachable,0,,,,136,8
charge_unreachable,0,,,,137,1
charge_unreachable,0,,,,137,2
charge_unreachable,0,,,,137,6
charge_unreachable,0,,,,137,7
charge_unreachable,0,,,,137,8
task_released,,,,67,138,
charge_unreachable,0,,,,138,1
charge_unreachable,0,,,,138,2
charge_unreachable,0,,,,138,6
charge_unreachable,0,,,,138,7
charge_unreachable,0,,,,138,8
charge_unreachable,0,,,,139,1
charge_unreachable,0,,,,139,2
charge_unreachable,0,,,,139,6
charge_unreachable,0,,,,139,7
charge_unreachable,0,,,,139,8
task_released,,,,68,140,
charge_unreachable,0,,,,140,1
charge_unreachable,0,,,,140,2
charge_unreachable,0,,,,140,6
charge_unreachable,0,,,,140,7
charge_unreachable,0,,,,140,8
charge_unreachable,0,,,,141,1
charge_unreachable,0,,,,141,2
charge_unreachable,0,,,,141,6
charge_unreachable,0,,,,141,7
charge_unreachable,0,,,,141,8
charge_unreachable,0,,,,142,1
charge_unreachable,0,,,,142,2
charge_unreachable,0,,,,142,6
charge_unreachable,0,,,,142,7
charge_unreachable,0,,,,142,8
charge_unreachable,0,,,,143,1
charge_unreachable,0,,,,143,2
charge_unreachable,0,,,,143,6
charge_unreachable,0,,,,143,7
charge_unreachable,0,,,,143,8
task_released,,,,78,144,
vehicle_became_idle,,reach_depot,,,144,0
charge_unreachable,0,,,,144,1
charge_unreachable,0,,,,144,2
charge_unreachable,0,,,,144,6
charge_unreachable,0,,,,144,7
charge_unreachable,0,,,,144,8
vehicle_became_idle,,reach_depot,,,144,9
task_released,,,,20,145,
charge_unreachable,0,,,,145,1
charge_unreachable,0,,,,145,2
charge_unreachable,0,,,,145,6
charge_unreachable,0,,,,145,7
charge_unreachable,0,,,,145,8
charge_unreachable,0,,,,146,1
charge_unreachable,0,,,,146,2
charge_unreachable,0,,,,146,6
charge_unreachable,0,,,,146,7
charge_unreachable,0,,,,146,8
charge_unreachable,0,,,,147,1
charge_unreachable,0,,,,147,2
charge_unreachable,0,,,,147,6
charge_unreachable,0,,,,147,7
charge_unreachable,0,,,,147,8
task_released,,,,62,148,
charge_unreachable,0,,,,148,1
charge_unreachable,0,,,,148,2
task_completed,,,,2,148,
charge_unreachable,0,,,,148,6
charge_unreachable,0,,,,148,7
charge_unreachable,0,,,,148,8
charge_unreachable,0,,,,149,1
charge_unreachable,0,,,,149,2
charge_unreachable,0,,,,149,6
charge_unreachable,0,,,,149,7
charge_unreachable,0,,,,149,8
vehicle_reached_station,,,0,,149,9
task_released,,,,89,150,
charge_unreachable,0,,,,150,1
charge_unreachable,0,,,,150,2
charge_unreachable,0,,,,150,6
charge_unreachable,0,,,,150,7
charge_unreachable,0,,,,150,8
task_released,,,,55,151,
task_released,,,,84,151,
charge_unreachable,0,,,,151,1
charge_unreachable,0,,,,151,2
charge_unreachable,0,,,,151,6
charge_unreachable,0,,,,151,7
charge_unreachable,0,,,,151,8
task_released,,,,24,152,
charge_unreachable,0,,,,152,1
charge_unreachable,0,,,,152,2
charge_unreachable,0,,,,152,6
charge_unreachable,0,,,,152,7
charge_unreachable,0,,,,152,8
task_released,,,,27,153,
task_released,,,,37,153,
charge_unreachable,0,,,,153,1
charge_unreachable,0,,,,153,2
charge_unreachable,0,,,,153,6
charge_unreachable,0,,,,153,7
charge_unreachable,0,,,,153,8
charge_unreachable,0,,,,154,1
charge_unreachable,0,,,,154,2
vehicle_became_idle,,reach_depot,,,154,3
charge_unreachable,0,,,,154,6
charge_unreachable,0,,,,154,7
charge_unreachable,0,,,,154,8
charge_unreachable,0,,,,155,1
charge_unreachable,0,,,,155,2
charge_unreachable,0,,,,155,6
charge_unreachable,0,,,,155,7
charge_unreachable,0,,,,155,8
task_completed,,,,20,156,
charge_unreachable,0,,,,156,1
charge_unreachable,0,,,,156,2
charge_unreachable,0,,,,156,6
charge_unreachable,0,,,,156,7
charge_unreachable,0,,,,156,8
charge_unreachable,0,,,,157,1
charge_unreachable,0,,,,157,2
charge_unreachable,0,,,,157,6
charge_unreachable,0,,,,157,7
charge_unreachable,0,,,,157,8
charge_unreachable,0,,,,158,1
charge_unreachable,0,,,,158,2
charge_unreachable,0,,,,158,6
charge_unreachable,0,,,,158,7
charge_unreachable,0,,,,158,8
charge_unreachable,0,,,,159,1
charge_unreachable,0,,,,159,2
task_completed,,,,84,159,
charge_unreachable,0,,,,159,6
charge_unreachable,0,,,,159,7
charge_unreachable,0,,,,159,8
charge_unreachable,0,,,,160,1
charge_unreachable,0,,,,160,2
charge_unreachable,0,,,,160,6
charge_unreachable,0,,,,160,7
charge_unreachable,0,,,,160,8
charge_unreachable,0,,,,161,1
charge_unreachable,0,,,,161,2
charge_unreachable,0,,,,161,6
charge_unreachable,0,,,,161,7
charge_unreachable,0,,,,161,8
charge_unreachable,0,,,,162,1
charge_unreachable,0,,,,162,2
vehicle_became_idle,,reach_depot,,,162,4
charge_unreachable,0,,,,162,6
charge_unreachable,0,,,,162,7
charge_unreachable,0,,,,162,8
task_released,,,,80,163,
charge_unreachable,0,,,,163,1
charge_unreachable,0,,,,163,2
charge_unreachable,0,,,,163,6
charge_unreachable,0,,,,163,7
charge_unreachable,0,,,,163,8
task_released,,,,58,164,
charge_unreachable,0,,,,164,1
charge_unreachable,0,,,,164,2
task_completed,,,,24,164,
charge_unreachable,0,,,,164,6
charge_unreachable,0,,,,164,7
charge_unreachable,0,,,,164,8
charge_unreachable,0,,,,165,1
charge_unreachable,0,,,,165,2
charge_unreachable,0,,,,165,6
charge_unreachable,0,,,,165,7
charge_unreachable,0,,,,165,8
charge_unreachable,0,,,,166,1
charge_unreachable,0,,,,166,2
charge_unreachable,0,,,,166,6
charge_unreachable,0,,,,166,7
charge_unreachable,0,,,,166,8
task_released,,,,92,167,
charge_unreachable,0,,,,167,1
charge_unreachable,0,,,,167,2
charge_unreachable,0,,,,167,6
charge_unreachable,0,,,,167,7
charge_unreachable,0,,,,167,8
vehicle_finished_charging,,,0,,167,9
vehicle_became_idle,,reach_depot,,,168,0
charge_unreachable,0,,,,168,0
charge_unreachable,0,,,,168,1
charge_unreachable,0,,,,168,2
vehicle_became_idle,,reach_depot,,,168,5
charge_unreachable,0,,,,168,5
charge_unreachable,0,,,,168,6
charge_unreachable,0,,,,168,7
charge_unreachable,0,,,,168,8
charge_unreachable,0,,,,169,0
charge_unreachable,0,,,,169,1
charge_unreachable,0,,,,169,2
charge_unreachable,0,,,,169,5
charge_unreachable,0,,,,169,6
charge_unreachable,0,,,,169,7
charge_unreachable,0,,,,169,8
charge_unreachable,0,,,,170,0
charge_unreachable,0,,,,170,1
charge_unreachable,0,,,,170,2
charge_unreachable,0,,,,170,5
charge_unreachable,0,,,,170,6
charge_unreachable,0,,,,170,7
charge_unreachable,0,,,,170,8
charge_unreachable,0,,,,171,0
charge_unreachable,0,,,,171,1
charge_unreachable,0,,,,171,2
charge_unreachable,0,,,,171,5
charge_unreachable,0,,,,171,6
charge_unreachable,0,,,,171,7
charge_unreachable,0,,,,171,8
task_completed,,,,92,171,
charge_unreachable,0,,,,172,0
charge_unreachable,0,,,,172,1
charge_unreachable,0,,,,172,2
charge_unreachable,0,,,,172,5
charge_unreachable,0,,,,172,6
charge_unreachable,0,,,,172,7
charge_unreachable,0,,,,172,8
charge_unreachable,0,,,,173,0
charge_unreachable,0,,,,173,1
charge_unreachable,0,,,,173,2
charge_unreachable,0,,,,173,5
charge_unreachable,0,,,,173,6
charge_unreachable,0,,,,173,7
charge_unreachable,0,,,,173,8
task_released,,,,36,174,
charge_unreachable,0,,,,174,0
charge_unreachable,0,,,,174,1
charge_unreachable,0,,,,174,2
vehicle_became_idle,,reach_depot,,,174,3
charge_unreachable,0,,,,174,5
charge_unreachable,0,,,,174,6
charge_unreachable,0,,,,174,7
charge_unreachable,0,,,,174,8
charge_unreachable,0,,,,175,0
charge_unreachable,0,,,,175,1
charge_unreachable,0,,,,175,2
charge_unreachable,0,,,,175,5
charge_unreachable,0,,,,175,6
charge_unreachable,0,,,,175,7
charge_unreachable,0,,,,175,8
charge_unreachable,0,,,,176,0
charge_unreachable,0,,,,176,1
charge_unreachable,0,,,,176,2
charge_unreachable,0,,,,176,5
charge_unreachable,0,,,,176,6
charge_unreachable,0,,,,176,7
charge_unreachable,0,,,,176,8
charge_unreachable,0,,,,177,0
charge_unreachable,0,,,,177,1
charge_unreachable,0,,,,177,2
charge_unreachable,0,,,,177,5
charge_unreachable,0,,,,177,6
charge_unreachable,0,,,,177,7
charge_unreachable,0,,,,177,8
task_released,,,,86,178,
charge_unreachable,0,,,,178,0
charge_unreachable,0,,,,178,1
charge_unreachable,0,,,,178,2
charge_unreachable,0,,,,178,5
charge_unreachable,0,,,,178,6
charge_unreachable,0,,,,178,7
charge_unreachable,0,,,,178,8
charge_unreachable,0,,,,179,0
charge_unreachable,0,,,,179,1
charge_unreachable,0,,,,179,2
vehicle_reached_station,,,0,,179,3
charge_unreachable,0,,,,179,5
charge_unreachable,0,,,,179,6
charge_unreachable,0,,,,179,7
charge_unreachable,0,,,,179,8
charge_unreachable,0,,,,180,0
charge_unreachable,0,,,,180,1
charge_unreachable,0,,,,180,2
charge_unreachable,0,,,,180,5
charge_unreachable,0,,,,180,6
charge_unreachable,0,,,,180,7
charge_unreachable,0,,,,180,8
vehicle_became_idle,,reach_depot,,,180,9
charge_unreachable,0,,,,181,0
charge_unreachable,0,,,,181,1
charge_unreachable,0,,,,181,2
charge_unreachable,0,,,,181,5
charge_unreachable,0,,,,181,6
charge_unreachable,0,,,,181,7
charge_unreachable,0,,,,181,8
task_released,,,,18,182,
task_released,,,,59,182,
charge_unreachable,0,,,,182,0
charge_unreachable,0,,,,182,1
charge_unreachable,0,,,,182,2
charge_unreachable,0,,,,182,5
charge_unreachable,0,,,,182,6
charge_unreachable,0,,,,182,7
charge_unreachable,0,,,,182,8
task_released,,,,79,183,
charge_unreachable,0,,,,183,0
charge_unreachable,0,,,,183,1
charge_unreachable,0,,,,183,2
charge_unreachable,0,,,,183,5
charge_unreachable,0,,,,183,6
charge_unreachable,0,,,,183,7
charge_unreachable,0,,,,183,8
charge_unreachable,0,,,,184,0
charge_unreachable,0,,,,184,1
charge_unreachable,0,,,,184,2
charge_unreachable,0,,,,184,5
charge_unreachable,0,,,,184,6
charge_unreachable,0,,,,184,7
charge_unreachable,0,,,,184,8
charge_unreachable,0,,,,185,0
charge_unreachable,0,,,,185,1
charge_unreachable,0,,,,185,2
task_completed,,,,37,185,
charge_unreachable,0,,,,185,5
charge_unreachable,0,,,,185,6
charge_unreachable,0,,,,185,7
charge_unreachable,0,,,,185,8
charge_unreachable,0,,,,186,0
charge_unreachable,0,,,,186,1
charge_unreachable,0,,,,186,2
charge_unreachable,0,,,,186,5
charge_unreachable,0,,,,186,6
charge_unreachable,0,,,,186,7
charge_unreachable,0,,,,186,8
task_released,,,,82,187,
charge_unreachable,0,,,,187,0
charge_unreachable,0,,,,187,1
charge_unreachable,0,,,,187,2
charge_unreachable,0,,,,187,5
charge_unreachable,0,,,,187,6
charge_unreachable,0,,,,187,7
charge_unreachable,0,,,,187,8
charge_unreachable,0,,,,188,0
charge_unreachable,0,,,,188,1
charge_unreachable,0,,,,188,2
charge_unreachable,0,,,,188,5
charge_unreachable,0,,,,188,6
charge_unreachable,0,,,,188,7
charge_unreachable,0,,,,188,8
charge_unreachable,0,,,,189,0
charge_unreachable,0,,,,189,1
charge_unreachable,0,,,,189,2
charge_unreachable,0,,,,189,5
charge_unreachable,0,,,,189,6
charge_unreachable,0,,,,189,7
charge_unreachable,0,,,,189,8
task_released,,,,99,190,
charge_unreachable,0,,,,190,0
charge_unreachable,0,,,,190,1
charge_unreachable,0,,,,190,2
charge_unreachable,0,,,,190,5
charge_unreachable,0,,,,190,6
charge_unreachable,0,,,,190,7
charge_unreachable,0,,,,190,8
charge_unreachable,0,,,,191,0
charge_unreachable,0,,,,191,1
charge_unreachable,0,,,,191,2
charge_unreachable,0,,,,191,5
charge_unreachable,0,,,,191,6
charge_unreachable,0,,,,191,7
charge_unreachable,0,,,,191,8
charge_unreachable,0,,,,192,0
charge_unreachable,0,,,,192,1
charge_unreachable,0,,,,192,2
charge_unreachable,0,,,,192,5
charge_unreachable,0,,,,192,6
charge_unreachable,0,,,,192,7
charge_unreachable,0,,,,192,8
charge_unreachable,0,,,,193,0
charge_unreachable,0,,,,193,1
charge_unreachable,0,,,,193,2
charge_unreachable,0,,,,193,5
charge_unreachable,0,,,,193,6
charge_unreachable,0,,,,193,7
charge_unreachable,0,,,,193,8
task_released,,,,28,194,
charge_unreachable,0,,,,194,0
charge_unreachable,0,,,,194,1
charge_unreachable,0,,,,194,2
charge_unreachable,0,,,,194,5
charge_unreachable,0,,,,194,6
charge_unreachable,0,,,,194,7
charge_unreachable,0,,,,194,8
charge_unreachable,0,,,,195,0
charge_unreachable,0,,,,195,1
charge_unreachable,0,,,,195,2
charge_unreachable,0,,,,195,5
charge_unreachable,0,,,,195,6
charge_unreachable,0,,,,195,7
charge_unreachable,0,,,,195,8
charge_unreachable,0,,,,196,0
charge_unreachable,0,,,,196,1
charge_unreachable,0,,,,196,2
charge_unreachable,0,,,,196,5
charge_unreachable,0,,,,196,6
charge_unreachable,0,,,,196,7
charge_unreachable,0,,,,196,8
vehicle_finished_charging,,,0,,196,3
task_released,,,,9,197,
charge_unreachable,0,,,,197,0
charge_unreachable,0,,,,197,1
charge_unreachable,0,,,,197,2
charge_unreachable,0,,,,197,5
charge_unreachable,0,,,,197,6
charge_unreachable,0,,,,197,7
charge_unreachable,0,,,,197,8
charge_unreachable,0,,,,198,0
charge_unreachable,0,,,,198,1
charge_unreachable,0,,,,198,2
charge_unreachable,0,,,,198,5
charge_unreachable,0,,,,198,6
charge_unreachable,0,,,,198,7
charge_unreachable,0,,,,198,8
task_released,,,,87,199,
charge_unreachable,0,,,,199,0
charge_unreachable,0,,,,199,1
charge_unreachable,0,,,,199,2
charge_unreachable,0,,,,199,5
charge_unreachable,0,,,,199,6
charge_unreachable,0,,,,199,7
charge_unreachable,0,,,,199,8
charge_unreachable,0,,,,200,0
charge_unreachable,0,,,,200,1
charge_unreachable,0,,,,200,2
vehicle_became_idle,,reach_depot,,,200,4
charge_unreachable,0,,,,200,4
charge_unreachable,0,,,,200,5
charge_unreachable,0,,,,200,6
charge_unreachable,0,,,,200,7
charge_unreachable,0,,,,200,8
charge_unreachable,0,,,,201,0
charge_unreachable,0,,,,201,1
charge_unreachable,0,,,,201,2
charge_unreachable,0,,,,201,4
charge_unreachable,0,,,,201,5
charge_unreachable,0,,,,201,6
charge_unreachable,0,,,,201,7
charge_unreachable,0,,,,201,8
charge_unreachable,0,,,,202,0
charge_unreachable,0,,,,202,1
charge_unreachable,0,,,,202,2
charge_unreachable,0,,,,202,4
charge_unreachable,0,,,,202,5
charge_unreachable,0,,,,202,6
charge_unreachable,0,,,,202,7
charge_unreachable,0,,,,202,8
charge_unreachable,0,,,,203,0
charge_unreachable,0,,,,203,1
charge_unreachable,0,,,,203,2
charge_unreachable,0,,,,203,4
charge_unreachable,0,,,,203,5
charge_unreachable,0,,,,203,6
charge_unreachable,0,,,,203,7
charge_unreachable,0,,,,203,8
charge_unreachable,0,,,,204,0
charge_unreachable,0,,,,204,1
charge_unreachable,0,,,,204,2
charge_unreachable,0,,,,204,4
charge_unreachable,0,,,,204,5
charge_unreachable,0,,,,204,6
charge_unreachable,0,,,,204,7
charge_unreachable,0,,,,204,8
task_released,,,,3,205,
charge_unreachable,0,,,,205,0
charge_unreachable,0,,,,205,1
charge_unreachable,0,,,,205,2
charge_unreachable,0,,,,205,4
charge_unreachable,0,,,,205,5
charge_unreachable,0,,,,205,6
charge_unreachable,0,,,,205,7
charge_unreachable,0,,,,205,8
task_released,,,,5,206,
task_released,,,,56,206,
charge_unreachable,0,,,,206,0
charge_unreachable,0,,,,206,1
charge_unreachable,0,,,,206,2
charge_unreachable,0,,,,206,4
charge_unreachable,0,,,,206,5
charge_unreachable,0,,,,206,6
charge_unreachable,0,,,,206,7
charge_unreachable,0,,,,206,8
charge_unreachable,0,,,,207,0
charge_unreachable,0,,,,207,1
charge_unreachable,0,,,,207,2
charge_unreachable,0,,,,207,4
charge_unreachable,0,,,,207,5
charge_unreachable,0,,,,207,6
charge_unreachable,0,,,,207,7
charge_unreachable,0,,,,207,8
task_completed,,,,79,207,
charge_unreachable,0,,,,208,0
charge_unreachable,0,,,,208,1
charge_unreachable,0,,,,208,2
charge_unreachable,0,,,,208,4
charge_unreachable,0,,,,208,5
charge_unreachable,0,,,,208,6
charge_unreachable,0,,,,208,7
charge_unreachable,0,,,,208,8
charge_unreachable,0,,,,209,0
charge_unreachable,0,,,,209,1
charge_unreachable,0,,,,209,2
charge_unreachable,0,,,,209,4
charge_unreachable,0,,,,209,5
charge_unreachable,0,,,,209,6
charge_unreachable,0,,,,209,7
charge_unreachable,0,,,,209,8
task_released,,,,70,210,
charge_unreachable,0,,,,210,0
charge_unreachable,0,,,,210,1
charge_unreachable,0,,,,210,2
charge_unreachable,0,,,,210,4
charge_unreachable,0,,,,210,5
charge_unreachable,0,,,,210,6
charge_unreachable,0,,,,210,7
charge_unreachable,0,,,,210,8
charge_unreachable,0,,,,211,0
charge_unreachable,0,,,,211,1
charge_unreachable,0,,,,211,2
charge_unreachable,0,,,,211,4
charge_unreachable,0,,,,211,5
charge_unreachable,0,,,,211,6
charge_unreachable,0,,,,211,7
charge_unreachable,0,,,,211,8
task_released,,,,98,212,
charge_unreachable,0,,,,212,0
charge_unreachable,0,,,,212,1
charge_unreachable,0,,,,212,2
charge_unreachable,0,,,,212,4
charge_unreachable,0,,,,212,5
charge_unreachable,0,,,,212,6
charge_unreachable,0,,,,212,7
charge_unreachable,0,,,,212,8
charge_unreachable,0,,,,213,0
charge_unreachable,0,,,,213,1
charge_unreachable,0,,,,213,2
charge_unreachable,0,,,,213,4
charge_unreachable,0,,,,213,5
charge_unreachable,0,,,,213,6
charge_unreachable,0,,,,213,7
charge_unreachable,0,,,,213,8
charge_unreachable,0,,,,214,0
charge_unreachable,0,,,,214,1
charge_unreachable,0,,,,214,2
task_completed,,,,59,214,
charge_unreachable,0,,,,214,4
charge_unreachable,0,,,,214,5
charge_unreachable,0,,,,214,6
charge_unreachable,0,,,,214,7
charge_unreachable,0,,,,214,8
charge_unreachable,0,,,,215,0
charge_unreachable,0,,,,215,1
charge_unreachable,0,,,,215,2
charge_unreachable,0,,,,215,4
charge_unreachable,0,,,,215,5
charge_unreachable,0,,,,215,6
charge_unreachable,0,,,,215,7
charge_unreachable,0,,,,215,8
charge_unreachable,0,,,,216,0
charge_unreachable,0,,,,216,1
charge_unreachable,0,,,,216,2
charge_unreachable,0,,,,216,4
charge_unreachable,0,,,,216,5
charge_unreachable,0,,,,216,6
charge_unreachable,0,,,,216,7
charge_unreachable,0,,,,216,8
charge_unreachable,0,,,,217,0
charge_unreachable,0,,,,217,1
charge_unreachable,0,,,,217,2
charge_unreachable,0,,,,217,4
charge_unreachable,0,,,,217,5
charge_unreachable,0,,,,217,6
charge_unreachable,0,,,,217,7
charge_unreachable,0,,,,217,8
task_released,,,,16,218,
charge_unreachable,0,,,,218,0
charge_unreachable,0,,,,218,1
charge_unreachable,0,,,,218,2
charge_unreachable,0,,,,218,4
charge_unreachable,0,,,,218,5
charge_unreachable,0,,,,218,6
charge_unreachable,0,,,,218,7
charge_unreachable,0,,,,218,8
charge_unreachable,0,,,,219,0
charge_unreachable,0,,,,219,1
charge_unreachable,0,,,,219,2
charge_unreachable,0,,,,219,4
charge_unreachable,0,,,,219,5
charge_unreachable,0,,,,219,6
charge_unreachable,0,,,,219,7
charge_unreachable,0,,,,219,8
charge_unreachable,0,,,,220,0
charge_unreachable,0,,,,220,1
charge_unreachable,0,,,,220,2
charge_unreachable,0,,,,220,4
charge_unreachable,0,,,,220,5
charge_unreachable,0,,,,220,6
charge_unreachable,0,,,,220,7
charge_unreachable,0,,,,220,8
charge_unreachable,0,,,,221,0
charge_unreachable,0,,,,221,1
charge_unreachable,0,,,,221,2
charge_unreachable,0,,,,221,4
charge_unreachable,0,,,,221,5
charge_unreachable,0,,,,221,6
charge_unreachable,0,,,,221,7
charge_unreachable,0,,,,221,8
charge_unreachable,0,,,,222,0
charge_unreachable,0,,,,222,1
charge_unreachable,0,,,,222,2
charge_unreachable,0,,,,222,4
charge_unreachable,0,,,,222,5
charge_unreachable,0,,,,222,6
charge_unreachable,0,,,,222,7
charge_unreachable,0,,,,222,8
task_released,,,,29,223,
charge_unreachable,0,,,,223,0
charge_unreachable,0,,,,223,1
charge_unreachable,0,,,,223,2
charge_unreachable,0,,,,223,4
charge_unreachable,0,,,,223,5
charge_unreachable,0,,,,223,6
charge_unreachable,0,,,,223,7
charge_unreachable,0,,,,223,8
charge_unreachable,0,,,,224,0
charge_unreachable,0,,,,224,1
charge_unreachable,0,,,,224,2
charge_unreachable,0,,,,224,4
charge_unreachable,0,,,,224,5
charge_unreachable,0,,,,224,6
charge_unreachable,0,,,,224,7
charge_unreachable,0,,,,224,8
charge_unreachable,0,,,,225,0
charge_unreachable,0,,,,225,1
charge_unreachable,0,,,,225,2
charge_unreachable,0,,,,225,4
charge_unreachable,0,,,,225,5
charge_unreachable,0,,,,225,6
charge_unreachable,0,,,,225,7
charge_unreachable,0,,,,225,8
vehicle_became_idle,,reach_depot,,,225,9
task_released,,,,41,226,
charge_unreachable,0,,,,226,0
charge_unreachable,0,,,,226,1
charge_unreachable,0,,,,226,2
charge_unreachable,0,,,,226,4
charge_unreachable,0,,,,226,5
charge_unreachable,0,,,,226,6
charge_unreachable,0,,,,226,7
charge_unreachable,0,,,,226,8
charge_unreachable,0,,,,227,0
charge_unreachable,0,,,,227,1
charge_unreachable,0,,,,227,2
charge_unreachable,0,,,,227,4
charge_unreachable,0,,,,227,5
charge_unreachable,0,,,,227,6
charge_unreachable,0,,,,227,7
charge_unreachable,0,,,,227,8
task_released,,,,30,228,
task_released,,,,48,228,
charge_unreachable,0,,,,228,0
charge_unreachable,0,,,,228,1
charge_unreachable,0,,,,228,2
charge_unreachable,0,,,,228,4
charge_unreachable,0,,,,228,5
charge_unreachable,0,,,,228,6
charge_unreachable,0,,,,228,7
charge_unreachable,0,,,,228,8
task_released,,,,97,229,
charge_unreachable,0,,,,229,0
charge_unreachable,0,,,,229,1
charge_unreachable,0,,,,229,2
charge_unreachable,0,,,,229,4
charge_unreachable,0,,,,229,5
charge_unreachable,0,,,,229,6
charge_unreachable,0,,,,229,7
charge_unreachable,0,,,,229,8
task_completed,,,,18,229,
charge_unreachable,0,,,,230,0
charge_unreachable,0,,,,230,1
charge_unreachable,0,,,,230,2
charge_unreachable,0,,,,230,4
charge_unreachable,0,,,,230,5
charge_unreachable,0,,,,230,6
charge_unreachable,0,,,,230,7
charge_unreachable,0,,,,230,8
task_released,,,,44,231,
charge_unreachable,0,,,,231,0
charge_unreachable,0,,,,231,1
charge_unreachable,0,,,,231,2
charge_unreachable,0,,,,231,4
charge_unreachable,0,,,,231,5
charge_unreachable,0,,,,231,6
charge_unreachable,0,,,,231,7
charge_unreachable,0,,,,231,8
task_released,,,,4,232,
charge_unreachable,0,,,,232,0
charge_unreachable,0,,,,232,1
charge_unreachable,0,,,,232,2
charge_unreachable,0,,,,232,4
charge_unreachable,0,,,,232,5
charge_unreachable,0,,,,232,6
charge_unreachable,0,,,,232,7
charge_unreachable,0,,,,232,8
task_released,,,,47,233,
charge_unreachable,0,,,,233,0
charge_unreachable,0,,,,233,1
charge_unreachable,0,,,,233,2
charge_unreachable,0,,,,233,4
charge_unreachable,0,,,,233,5
charge_unreachable,0,,,,233,6
charge_unreachable,0,,,,233,7
charge_unreachable,0,,,,233,8
vehicle_became_idle,,reach_depot,,,233,9
charge_unreachable,0,,,,234,0
charge_unreachable,0,,,,234,1
charge_unreachable,0,,,,234,2
charge_unreachable,0,,,,234,4
charge_unreachable,0,,,,234,5
charge_unreachable,0,,,,234,6
charge_unreachable,0,,,,234,7
charge_unreachable,0,,,,234,8
charge_unreachable,0,,,,235,0
charge_unreachable,0,,,,235,1
charge_unreachable,0,,,,235,2
charge_unreachable,0,,,,235,4
charge_unreachable,0,,,,235,5
charge_unreachable,0,,,,235,6
charge_unreachable,0,,,,235,7
charge_unreachable,0,,,,235,8
task_released,,,,77,236,
charge_unreachable,0,,,,236,0
charge_unreachable,0,,,,236,1
charge_unreachable,0,,,,236,2
charge_unreachable,0,,,,236,4
charge_unreachable,0,,,,236,5
charge_unreachable,0,,,,236,6
charge_unreachable,0,,,,236,7
charge_unreachable,0,,,,236,8
charge_unreachable,0,,,,237,0
charge_unreachable,0,,,,237,1
charge_unreachable,0,,,,237,2
vehicle_became_idle,,reach_depot,,,237,3
charge_unreachable,0,,,,237,4
charge_unreachable,0,,,,237,5
charge_unreachable,0,,,,237,6
charge_unreachable,0,,,,237,7
charge_unreachable,0,,,,237,8
charge_unreachable,0,,,,238,0
charge_unreachable,0,,,,238,1
charge_unreachable,0,,,,238,2
charge_unreachable,0,,,,238,4
charge_unreachable,0,,,,238,5
charge_unreachable,0,,,,238,6
charge_unreachable,0,,,,238,7
charge_unreachable,0,,,,238,8
vehicle_reached_station,,,0,,238,9
charge_unreachable,0,,,,239,0
charge_unreachable,0,,,,239,1
charge_unreachable,0,,,,239,2
charge_unreachable,0,,,,239,4
charge_unreachable,0,,,,239,5
charge_unreachable,0,,,,239,6
charge_unreachable,0,,,,239,7
charge_unreachable,0,,,,239,8
charge_unreachable,0,,,,240,0
charge_unreachable,0,,,,240,1
charge_unreachable,0,,,,240,2
charge_unreachable,0,,,,240,4
charge_unreachable,0,,,,240,5
charge_unreachable,0,,,,240,6
charge_unreachable,0,,,,240,7
charge_unreachable,0,,,,240,8
task_released,,,,46,241,
charge_unreachable,0,,,,241,0
charge_unreachable,0,,,,241,1
charge_unreachable,0,,,,241,2
charge_unreachable,0,,,,241,4
charge_unreachable,0,,,,241,5
charge_unreachable,0,,,,241,6
charge_unreachable,0,,,,241,7
charge_unreachable,0,,,,241,8
task_released,,,,7,242,
charge_unreachable,0,,,,242,0
charge_unreachable,0,,,,242,1
charge_unreachable,0,,,,242,2
charge_unreachable,0,,,,242,4
charge_unreachable,0,,,,242,5
charge_unreachable,0,,,,242,6
charge_unreachable,0,,,,242,7
charge_unreachable,0,,,,242,8
charge_unreachable,0,,,,243,0
charge_unreachable,0,,,,243,1
charge_unreachable,0,,,,243,2
charge_unreachable,0,,,,243,4
charge_unreachable,0,,,,243,5
charge_unreachable,0,,,,243,6
charge_unreachable,0,,,,243,7
charge_unreachable,0,,,,243,8
charge_unreachable,0,,,,244,0
charge_unreachable,0,,,,244,1
charge_unreachable,0,,,,244,2
charge_unreachable,0,,,,244,4
charge_unreachable,0,,,,244,5
charge_unreachable,0,,,,244,6
charge_unreachable,0,,,,244,7
charge_unreachable,0,,,,244,8
charge_unreachable,0,,,,245,0
charge_unreachable,0,,,,245,1
charge_unreachable,0,,,,245,2
charge_unreachable,0,,,,245,4
charge_unreachable,0,,,,245,5
charge_unreachable,0,,,,245,6
charge_unreachable,0,,,,245,7
charge_unreachable,0,,,,245,8
charge_unreachable,0,,,,246,0
charge_unreachable,0,,,,246,1
charge_unreachable,0,,,,246,2
charge_unreachable,0,,,,246,4
charge_unreachable,0,,,,246,5
charge_unreachable,0,,,,246,6
charge_unreachable,0,,,,246,7
charge_unreachable,0,,,,246,8
charge_unreachable,0,,,,247,0
charge_unreachable,0,,,,247,1
charge_unreachable,0,,,,247,2
charge_unreachable,0,,,,247,4
charge_unreachable,0,,,,247,5
charge_unreachable,0,,,,247,6
charge_unreachable,0,,,,247,7
charge_unreachable,0,,,,247,8
charge_unreachable,0,,,,248,0
charge_unreachable,0,,,,248,1
charge_unreachable,0,,,,248,2
charge_unreachable,0,,,,248,4
charge_unreachable,0,,,,248,5
charge_unreachable,0,,,,248,6
charge_unreachable,0,,,,248,7
charge_unreachable,0,,,,248,8
charge_unreachable,0,,,,249,0
charge_unreachable,0,,,,249,1
charge_unreachable,0,,,,249,2
charge_unreachable,0,,,,249,4
charge_unreachable,0,,,,249,5
charge_unreachable,0,,,,249,6
charge_unreachable,0,,,,249,7
charge_unreachable,0,,,,249,8
task_released,,,,65,250,
charge_unreachable,0,,,,250,0
charge_unreachable,0,,,,250,1
charge_unreachable,0,,,,250,2
charge_unreachable,0,,,,250,4
charge_unreachable,0,,,,250,5
charge_unreachable,0,,,,250,6
charge_unreachable,0,,,,250,7
charge_unreachable,0,,,,250,8
charge_unreachable,0,,,,251,0
charge_unreachable,0,,,,251,1
charge_unreachable,0,,,,251,2
task_completed,,,,98,251,
charge_unreachable,0,,,,251,4
charge_unreachable,0,,,,251,5
charge_unreachable,0,,,,251,6
charge_unreachable,0,,,,251,7
charge_unreachable,0,,,,251,8
charge_unreachable,0,,,,252,0
charge_unreachable,0,,,,252,1
charge_unreachable,0,,,,252,2
charge_unreachable,0,,,,252,4
charge_unreachable,0,,,,252,5
charge_unreachable,0,,,,252,6
charge_unreachable,0,,,,252,7
charge_unreachable,0,,,,252,8
charge_unreachable,0,,,,253,0
charge_unreachable,0,,,,253,1
charge_unreachable,0,,,,253,2
charge_unreachable,0,,,,253,4
charge_unreachable,0,,,,253,5
charge_unreachable,0,,,,253,6
charge_unreachable,0,,,,253,7
charge_unreachable,0,,,,253,8
task_released,,,,11,254,
charge_unreachable,0,,,,254,0
charge_unreachable,0,,,,254,1
charge_unreachable,0,,,,254,2
charge_unreachable,0,,,,254,4
charge_unreachable,0,,,,254,5
charge_unreachable,0,,,,254,6
charge_unreachable,0,,,,254,7
charge_unreachable,0,,,,254,8
charge_unreachable,0,,,,255,0
charge_unreachable,0,,,,255,1
charge_unreachable,0,,,,255,2
charge_unreachable,0,,,,255,4
charge_unreachable,0,,,,255,5
charge_unreachable,0,,,,255,6
charge_unreachable,0,,,,255,7
charge_unreachable,0,,,,255,8
vehicle_finished_charging,,,0,,255,9
task_released,,,,53,256,
task_released,,,,93,256,
charge_unreachable,0,,,,256,0
charge_unreachable,0,,,,256,1
charge_unreachable,0,,,,256,2
charge_unreachable,0,,,,256,4
charge_unreachable,0,,,,256,5
charge_unreachable,0,,,,256,6
charge_unreachable,0,,,,256,7
charge_unreachable,0,,,,256,8
task_released,,,,52,257,
charge_unreachable,0,,,,257,0
charge_unreachable,0,,,,257,1
charge_unreachable,0,,,,257,2
charge_unreachable,0,,,,257,4
charge_unreachable,0,,,,257,5
charge_unreachable,0,,,,257,6
charge_unreachable,0,,,,257,7
charge_unreachable,0,,,,257,8
task_released,,,,34,258,
task_released,,,,69,258,
task_released,,,,71,258,
charge_unreachable,0,,,,258,0
charge_unreachable,0,,,,258,1
charge_unreachable,0,,,,258,2
charge_unreachable,0,,,,258,4
charge_unreachable,0,,,,258,5
charge_unreachable,0,,,,258,6
charge_unreachable,0,,,,258,7
charge_unreachable,0,,,,258,8
task_released,,,,21,259,
charge_unreachable,0,,,,259,0
charge_unreachable,0,,,,259,1
charge_unreachable,0,,,,259,2
charge_unreachable,0,,,,259,4
charge_unreachable,0,,,,259,5
charge_unreachable,0,,,,259,6
charge_unreachable,0,,,,259,7
charge_unreachable,0,,,,259,8
charge_unreachable,0,,,,260,0
charge_unreachable,0,,,,260,1
charge_unreachable,0,,,,260,2
charge_unreachable,0,,,,260,4
charge_unreachable,0,,,,260,5
charge_unreachable,0,,,,260,6
charge_unreachable,0,,,,260,7
charge_unreachable,0,,,,260,8
charge_unreachable,0,,,,261,0
charge_unreachable,0,,,,261,1
charge_unreachable,0,,,,261,2
charge_unreachable,0,,,,261,4
charge_unreachable,0,,,,261,5
charge_unreachable,0,,,,261,6
charge_unreachable,0,,,,261,7
charge_unreachable,0,,,,261,8
charge_unreachable,0,,,,262,0
charge_unreachable,0,,,,262,1
charge_unreachable,0,,,,262,2
charge_unreachable,0,,,,262,4
charge_unreachable,0,,,,262,5
charge_unreachable,0,,,,262,6
charge_unreachable,0,,,,262,7
charge_unreachable,0,,,,262,8
task_released,,,,45,263,
charge_unreachable,0,,,,263,0
charge_unreachable,0,,,,263,1
charge_unreachable,0,,,,263,2
charge_unreachable,0,,,,263,4
charge_unreachable,0,,,,263,5
charge_unreachable,0,,,,263,6
charge_unreachable,0,,,,263,7
charge_unreachable,0,,,,263,8
charge_unreachable,0,,,,264,0
charge_unreachable,0,,,,264,1
charge_unreachable,0,,,,264,2
charge_unreachable,0,,,,264,4
charge_unreachable,0,,,,264,5
charge_unreachable,0,,,,264,6
charge_unreachable,0,,,,264,7
charge_unreachable,0,,,,264,8
charge_unreachable,0,,,,265,0
charge_unreachable,0,,,,265,1
charge_unreachable,0,,,,265,2
vehicle_became_idle,,reach_depot,,,265,3
charge_unreachable,0,,,,265,4
charge_unreachable,0,,,,265,5
charge_unreachable,0,,,,265,6
charge_unreachable,0,,,,265,7
charge_unreachable,0,,,,265,8
task_released,,,,54,266,
charge_unreachable,0,,,,266,0
charge_unreachable,0,,,,266,1
charge_unreachable,0,,,,266,2
charge_unreachable,0,,,,266,4
charge_unreachable,0,,,,266,5
charge_unreachable,0,,,,266,6
charge_unreachable,0,,,,266,7
charge_unreachable,0,,,,266,8
charge_unreachable,0,,,,267,0
charge_unreachable,0,,,,267,1
charge_unreachable,0,,,,267,2
charge_unreachable,0,,,,267,4
charge_unreachable,0,,,,267,5
charge_unreachable,0,,,,267,6
charge_unreachable,0,,,,267,7
charge_unreachable,0,,,,267,8
task_released,,,,63,268,
task_released,,,,72,268,
charge_unreachable,0,,,,268,0
charge_unreachable,0,,,,268,1
charge_unreachable,0,,,,268,2
charge_unreachable,0,,,,268,4
charge_unreachable,0,,,,268,5
charge_unreachable,0,,,,268,6
charge_unreachable,0,,,,268,7
charge_unreachable,0,,,,268,8
task_released,,,,33,269,
charge_unreachable,0,,,,269,0
charge_unreachable,0,,,,269,1
charge_unreachable,0,,,,269,2
charge_unreachable,0,,,,269,4
charge_unreachable,0,,,,269,5
charge_unreachable,0,,,,269,6
charge_unreachable,0,,,,269,7
charge_unreachable,0,,,,269,8
task_released,,,,51,270,
charge_unreachable,0,,,,270,0
charge_unreachable,0,,,,270,1
charge_unreachable,0,,,,270,2
vehicle_reached_station,,,0,,270,3
charge_unreachable,0,,,,270,4
charge_unreachable,0,,,,270,5
charge_unreachable,0,,,,270,6
charge_unreachable,0,,,,270,7
charge_unreachable,0,,,,270,8
charge_unreachable,0,,,,271,0
charge_unreachable,0,,,,271,1
charge_unreachable,0,,,,271,2
charge_unreachable,0,,,,271,4
charge_unreachable,0,,,,271,5
charge_unreachable,0,,,,271,6
charge_unreachable,0,,,,271,7
charge_unreachable,0,,,,271,8
charge_unreachable,0,,,,272,0
charge_unreachable,0,,,,272,1
charge_unreachable,0,,,,272,2
charge_unreachable,0,,,,272,4
charge_unreachable,0,,,,272,5
charge_unreachable,0,,,,272,6
charge_unreachable,0,,,,272,7
charge_unreachable,0,,,,272,8
task_completed,,,,77,272,
charge_unreachable,0,,,,273,0
charge_unreachable,0,,,,273,1
charge_unreachable,0,,,,273,2
charge_unreachable,0,,,,273,4
charge_unreachable,0,,,,273,5
charge_unreachable,0,,,,273,6
charge_unreachable,0,,,,273,7
charge_unreachable,0,,,,273,8
charge_unreachable,0,,,,274,0
charge_unreachable,0,,,,274,1
charge_unreachable,0,,,,274,2
charge_unreachable,0,,,,274,4
charge_unreachable,0,,,,274,5
charge_unreachable,0,,,,274,6
charge_unreachable,0,,,,274,7
charge_unreachable,0,,,,274,8
charge_unreachable,0,,,,275,0
charge_unreachable,0,,,,275,1
charge_unreachable,0,,,,275,2
charge_unreachable,0,,,,275,4
charge_unreachable,0,,,,275,5
charge_unreachable,0,,,,275,6
charge_unreachable,0,,,,275,7
charge_unreachable,0,,,,275,8
task_released,,,,13,276,
charge_unreachable,0,,,,276,0
charge_unreachable,0,,,,276,1
charge_unreachable,0,,,,276,2
charge_unreachable,0,,,,276,4
charge_unreachable,0,,,,276,5
charge_unreachable,0,,,,276,6
charge_unreachable,0,,,,276,7
charge_unreachable,0,,,,276,8
charge_unreachable,0,,,,277,0
charge_unreachable,0,,,,277,1
charge_unreachable,0,,,,277,2
charge_unreachable,0,,,,277,4
charge_unreachable,0,,,,277,5
charge_unreachable,0,,,,277,6
charge_unreachable,0,,,,277,7
charge_unreachable,0,,,,277,8
charge_unreachable,0,,,,278,0
charge_unreachable,0,,,,278,1
charge_unreachable,0,,,,278,2
charge_unreachable,0,,,,278,4
charge_unreachable,0,,,,278,5
charge_unreachable,0,,,,278,6
charge_unreachable,0,,,,278,7
charge_unreachable,0,,,,278,8
charge_unreachable,0,,,,279,0
charge_unreachable,0,,,,279,1
charge_unreachable,0,,,,279,2
charge_unreachable,0,,,,279,4
charge_unreachable,0,,,,279,5
charge_unreachable,0,,,,279,6
charge_unreachable,0,,,,279,7
charge_unreachable,0,,,,279,8
task_released,,,,57,280,
charge_unreachable,0,,,,280,0
charge_unreachable,0,,,,280,1
charge_unreachable,0,,,,280,2
charge_unreachable,0,,,,280,4
charge_unreachable,0,,,,280,5
charge_unreachable,0,,,,280,6
charge_unreachable,0,,,,280,7
charge_unreachable,0,,,,280,8
charge_unreachable,0,,,,281,0
charge_unreachable,0,,,,281,1
charge_unreachable,0,,,,281,2
charge_unreachable,0,,,,281,4
charge_unreachable,0,,,,281,5
charge_unreachable,0,,,,281,6
charge_unreachable,0,,,,281,7
charge_unreachable,0,,,,281,8
charge_unreachable,0,,,,282,0
charge_unreachable,0,,,,282,1
charge_unreachable,0,,,,282,2
charge_unreachable,0,,,,282,4
charge_unreachable,0,,,,282,5
charge_unreachable,0,,,,282,6
charge_unreachable,0,,,,282,7
charge_unreachable,0,,,,282,8
charge_unreachable,0,,,,283,0
charge_unreachable,0,,,,283,1
charge_unreachable,0,,,,283,2
charge_unreachable,0,,,,283,4
charge_unreachable,0,,,,283,5
charge_unreachable,0,,,,283,6
charge_unreachable,0,,,,283,7
charge_unreachable,0,,,,283,8
charge_unreachable,0,,,,284,0
charge_unreachable,0,,,,284,1
charge_unreachable,0,,,,284,2
charge_unreachable,0,,,,284,4
charge_unreachable,0,,,,284,5
charge_unreachable,0,,,,284,6
charge_unreachable,0,,,,284,7
charge_unreachable,0,,,,284,8
charge_unreachable,0,,,,285,0
charge_unreachable,0,,,,285,1
charge_unreachable,0,,,,285,2
charge_unreachable,0,,,,285,4
charge_unreachable,0,,,,285,5
charge_unreachable,0,,,,285,6
charge_unreachable,0,,,,285,7
charge_unreachable,0,,,,285,8
charge_unreachable,0,,,,286,0
charge_unreachable,0,,,,286,1
charge_unreachable,0,,,,286,2
charge_unreachable,0,,,,286,4
charge_unreachable,0,,,,286,5
charge_unreachable,0,,,,286,6
charge_unreachable,0,,,,286,7
charge_unreachable,0,,,,286,8
charge_unreachable,0,,,,287,0
charge_unreachable,0,,,,287,1
charge_unreachable,0,,,,287,2
charge_unreachable,0,,,,287,4
charge_unreachable,0,,,,287,5
charge_unreachable,0,,,,287,6
charge_unreachable,0,,,,287,7
charge_unreachable,0,,,,287,8
charge_unreachable,0,,,,288,0
charge_unreachable,0,,,,288,1
charge_unreachable,0,,,,288,2
charge_unreachable,0,,,,288,4
charge_unreachable,0,,,,288,5
charge_unreachable,0,,,,288,6
charge_unreachable,0,,,,288,7
charge_unreachable,0,,,,288,8
vehicle_finished_charging,,,0,,288,3
charge_unreachable,0,,,,289,0
charge_unreachable,0,,,,289,1
charge_unreachable,0,,,,289,2
charge_unreachable,0,,,,289,4
charge_unreachable,0,,,,289,5
charge_unreachable,0,,,,289,6
charge_unreachable,0,,,,289,7
charge_unreachable,0,,,,289,8
vehicle_became_idle,,reach_depot,,,289,9
charge_unreachable,0,,,,290,0
charge_unreachable,0,,,,290,1
charge_unreachable,0,,,,290,2
charge_unreachable,0,,,,290,4
charge_unreachable,0,,,,290,5
charge_unreachable,0,,,,290,6
charge_unreachable,0,,,,290,7
charge_unreachable,0,,,,290,8
charge_unreachable,0,,,,291,0
charge_unreachable,0,,,,291,1
charge_unreachable,0,,,,291,2
charge_unreachable,0,,,,291,4
charge_unreachable,0,,,,291,5
charge_unreachable,0,,,,291,6
charge_unreachable,0,,,,291,7
charge_unreachable,0,,,,291,8
charge_unreachable,0,,,,292,0
charge_unreachable,0,,,,292,1
charge_unreachable,0,,,,292,2
task_completed,,,,51,292,
charge_unreachable,0,,,,292,4
charge_unreachable,0,,,,292,5
charge_unreachable,0,,,,292,6
charge_unreachable,0,,,,292,7
charge_unreachable,0,,,,292,8
charge_unreachable,0,,,,293,0
charge_unreachable,0,,,,293,1
charge_unreachable,0,,,,293,2
charge_unreachable,0,,,,293,4
charge_unreachable,0,,,,293,5
charge_unreachable,0,,,,293,6
charge_unreachable,0,,,,293,7
charge_unreachable,0,,,,293,8
charge_unreachable,0,,,,294,0
charge_unreachable,0,,,,294,1
charge_unreachable,0,,,,294,2
charge_unreachable,0,,,,294,4
charge_unreachable,0,,,,294,5
charge_unreachable,0,,,,294,6
charge_unreachable,0,,,,294,7
charge_unreachable,0,,,,294,8
charge_unreachable,0,,,,295,0
charge_unreachable,0,,,,295,1
charge_unreachable,0,,,,295,2
charge_unreachable,0,,,,295,4
charge_unreachable,0,,,,295,5
charge_unreachable,0,,,,295,6
charge_unreachable,0,,,,295,7
charge_unreachable,0,,,,295,8
task_released,,,,40,296,
charge_unreachable,0,,,,296,0
charge_unreachable,0,,,,296,1
charge_unreachable,0,,,,296,2
charge_unreachable,0,,,,296,4
charge_unreachable,0,,,,296,5
charge_unreachable,0,,,,296,6
charge_unreachable,0,,,,296,7
charge_unreachable,0,,,,296,8
task_released,,,,12,297,
charge_unreachable,0,,,,297,0
charge_unreachable,0,,,,297,1
charge_unreachable,0,,,,297,2
charge_unreachable,0,,,,297,4
charge_unreachable,0,,,,297,5
charge_unreachable,0,,,,297,6
charge_unreachable,0,,,,297,7
charge_unreachable,0,,,,297,8
charge_unreachable,0,,,,298,0
charge_unreachable,0,,,,298,1
charge_unreachable,0,,,,298,2
charge_unreachable,0,,,,298,4
charge_unreachable,0,,,,298,5
charge_unreachable,0,,,,298,6
charge_unreachable,0,,,,298,7
charge_unreachable,0,,,,298,8
task_released,,,,15,299,
task_released,,,,61,299,
task_released,,,,64,299,
charge_unreachable,0,,,,299,0
charge_unreachable,0,,,,299,1
charge_unreachable,0,,,,299,2
charge_unreachable,0,,,,299,4
charge_unreachable,0,,,,299,5
charge_unreachable,0,,,,299,6
charge_unreachable,0,,,,299,7
charge_unreachable,0,,,,299,8
