assigned_task,battery,event_type,node,status,target_station,task_load,time,total_distance,total_score,vehicle_id
4,120.0,dispatch,0,moving_to_task,,19.1,0,0.0,0.0,0
4,118.5,step,0,moving_to_task,,19.1,0,1.5,0.0,0
,120.0,step,0,idle,,0.0,0,0.0,0.0,1
,120.0,step,0,idle,,0.0,0,0.0,0.0,2
,120.0,step,0,idle,,0.0,0,0.0,0.0,3
,120.0,step,0,idle,,0.0,0,0.0,0.0,4
4,117.0,step,3,moving_to_task,,19.1,1,3.0,0.0,0
,120.0,step,0,idle,,0.0,1,0.0,0.0,1
,120.0,step,0,idle,,0.0,1,0.0,0.0,2
,120.0,step,0,idle,,0.0,1,0.0,0.0,3
,120.0,step,0,idle,,0.0,1,0.0,0.0,4
4,115.5,step,3,moving_to_task,,19.1,2,4.5,0.0,0
,120.0,step,0,idle,,0.0,2,0.0,0.0,1
,120.0,step,0,idle,,0.0,2,0.0,0.0,2
,120.0,step,0,idle,,0.0,2,0.0,0.0,3
,120.0,step,0,idle,,0.0,2,0.0,0.0,4
4,114.0,step,3,moving_to_task,,19.1,3,6.0,0.0,0
,120.0,step,0,idle,,0.0,3,0.0,0.0,1
,120.0,step,0,idle,,0.0,3,0.0,0.0,2
,120.0,step,0,idle,,0.0,3,0.0,0.0,3
,120.0,step,0,idle,,0.0,3,0.0,0.0,4
4,112.5,step,3,moving_to_task,,19.1,4,7.5,0.0,0
,120.0,step,0,idle,,0.0,4,0.0,0.0,1
,120.0,step,0,idle,,0.0,4,0.0,0.0,2
,120.0,step,0,idle,,0.0,4,0.0,0.0,3
,120.0,step,0,idle,,0.0,4,0.0,0.0,4
4,111.0,step,3,moving_to_task,,19.1,5,9.0,0.0,0
,120.0,step,0,idle,,0.0,5,0.0,0.0,1
,120.0,step,0,idle,,0.0,5,0.0,0.0,2
,120.0,step,0,idle,,0.0,5,0.0,0.0,3
,120.0,step,0,idle,,0.0,5,0.0,0.0,4
4,109.5,step,3,moving_to_task,,19.1,6,10.5,0.0,0
,120.0,step,0,idle,,0.0,6,0.0,0.0,1
,120.0,step,0,idle,,0.0,6,0.0,0.0,2
,120.0,step,0,idle,,0.0,6,0.0,0.0,3
,120.0,step,0,idle,,0.0,6,0.0,0.0,4
,109.4547,task_finish,15,moving_to_task,,0.0,7,10.5453,92.4599,0
,109.4547,move_to_depot,15,moving_to_depot,,0.0,7,10.5453,92.4599,0
,109.4547,step,15,moving_to_depot,,0.0,7,10.5453,92.4599,0
,120.0,step,0,idle,,0.0,7,0.0,0.0,1
,120.0,step,0,idle,,0.0,7,0.0,0.0,2
,120.0,step,0,idle,,0.0,7,0.0,0.0,3
,120.0,step,0,idle,,0.0,7,0.0,0.0,4
23,120.0,dispatch,0,moving_to_task,,1.75,8,0.0,0.0,1
,107.9547,step,15,moving_to_depot,,0.0,8,12.0453,92.4599,0
23,118.5,step,0,moving_to_task,,1.75,8,1.5,0.0,1
,120.0,step,0,idle,,0.0,8,0.0,0.0,2
,120.0,step,0,idle,,0.0,8,0.0,0.0,3
,120.0,step,0,idle,,0.0,8,0.0,0.0,4
,106.4547,step,15,moving_to_depot,,0.0,9,13.5453,92.4599,0
23,117.0,step,0,moving_to_task,,1.75,9,3.0,0.0,1
,120.0,step,0,idle,,0.0,9,0.0,0.0,2
,120.0,step,0,idle,,0.0,9,0.0,0.0,3
,120.0,step,0,idle,,0.0,9,0.0,0.0,4
,104.9547,step,15,moving_to_depot,,0.0,10,15.0453,92.4599,0
23,115.5,step,0,moving_to_task,,1.75,10,4.5,0.0,1
,120.0,step,0,idle,,0.0,10,0.0,0.0,2
,120.0,step,0,idle,,0.0,10,0.0,0.0,3
,120.0,step,0,idle,,0.0,10,0.0,0.0,4
,103.4547,step,15,moving_to_depot,,0.0,11,16.5453,92.4599,0
23,114.0,step,0,moving_to_task,,1.75,11,6.0,0.0,1
,120.0,step,0,idle,,0.0,11,0.0,0.0,2
,120.0,step,0,idle,,0.0,11,0.0,0.0,3
,120.0,step,0,idle,,0.0,11,0.0,0.0,4
,101.9547,step,15,moving_to_depot,,0.0,12,18.0453,92.4599,0
23,112.5,step,18,moving_to_task,,1.75,12,7.5,0.0,1
,120.0,step,0,idle,,0.0,12,0.0,0.0,2
,120.0,step,0,idle,,0.0,12,0.0,0.0,3
,120.0,step,0,idle,,0.0,12,0.0,0.0,4
,100.4547,step,3,moving_to_depot,,0.0,13,19.5453,92.4599,0
23,111.0,step,18,moving_to_task,,1.75,13,9.0,0.0,1
,120.0,step,0,idle,,0.0,13,0.0,0.0,2
,120.0,step,0,idle,,0.0,13,0.0,0.0,3
,120.0,step,0,idle,,0.0,13,0.0,0.0,4
,98.9547,step,3,moving_to_depot,,0.0,14,21.0453,92.4599,0
23,109.5,step,18,moving_to_task,,1.75,14,10.5,0.0,1
,120.0,step,0,idle,,0.0,14,0.0,0.0,2
,120.0,step,0,idle,,0.0,14,0.0,0.0,3
,120.0,step,0,idle,,0.0,14,0.0,0.0,4
6,120.0,dispatch,0,moving_to_task,,24.75,15,0.0,0.0,2
9,120.0,dispatch,0,moving_to_task,,27.54,15,0.0,0.0,3
,98.9093,reach_depot,0,idle,,0.0,15,21.0907,92.4599,0
,98.9093,step,0,idle,,0.0,15,21.0907,92.4599,0
23,108.0,step,18,moving_to_task,,1.75,15,12.0,0.0,1
6,118.5,step,0,moving_to_task,,24.75,15,1.5,0.0,2
9,118.5,step,0,moving_to_task,,27.54,15,1.5,0.0,3
,120.0,step,0,idle,,0.0,15,0.0,0.0,4
,117.3679,task_finish,3,moving_to_task,,0.0,16,2.6321,98.118,2
,117.3679,move_to_depot,3,moving_to_depot,,0.0,16,2.6321,98.118,2
,98.9093,step,0,idle,,0.0,16,21.0907,92.4599,0
23,106.5,step,18,moving_to_task,,1.75,16,13.5,0.0,1
,117.3679,step,3,moving_to_depot,,0.0,16,2.6321,98.118,2
9,117.0,step,0,moving_to_task,,27.54,16,3.0,0.0,3
,120.0,step,0,idle,,0.0,16,0.0,0.0,4
,105.1977,task_finish,22,moving_to_task,,0.0,17,14.8023,89.4161,1
,105.1977,move_to_depot,22,moving_to_depot,,0.0,17,14.8023,89.4161,1
,98.9093,step,0,idle,,0.0,17,21.0907,92.4599,0
,105.1977,step,22,moving_to_depot,,0.0,17,14.8023,89.4161,1
,115.8679,step,3,moving_to_depot,,0.0,17,4.1321,98.118,2
9,115.5,step,0,moving_to_task,,27.54,17,4.5,0.0,3
,120.0,step,0,idle,,0.0,17,0.0,0.0,4
,114.7358,reach_depot,0,idle,,0.0,18,5.2642,98.118,2
,115.1265,task_finish,17,moving_to_task,,0.0,18,4.8735,96.5154,3
,115.1265,move_to_depot,17,moving_to_depot,,0.0,18,4.8735,96.5154,3
,98.9093,step,0,idle,,0.0,18,21.0907,92.4599,0
,103.6977,step,22,moving_to_depot,,0.0,18,16.3023,89.4161,1
,114.7358,step,0,idle,,0.0,18,5.2642,98.118,2
,115.1265,step,17,moving_to_depot,,0.0,18,4.8735,96.5154,3
,120.0,step,0,idle,,0.0,18,0.0,0.0,4
,98.9093,step,0,idle,,0.0,19,21.0907,92.4599,0
,102.1977,step,22,moving_to_depot,,0.0,19,17.8023,89.4161,1
,114.7358,step,0,idle,,0.0,19,5.2642,98.118,2
,113.6265,step,17,moving_to_depot,,0.0,19,6.3735,96.5154,3
,120.0,step,0,idle,,0.0,19,0.0,0.0,4
,98.9093,step,0,idle,,0.0,20,21.0907,92.4599,0
,100.6977,step,22,moving_to_depot,,0.0,20,19.3023,89.4161,1
,114.7358,step,0,idle,,0.0,20,5.2642,98.118,2
,112.1265,step,17,moving_to_depot,,0.0,20,7.8735,96.5154,3
,120.0,step,0,idle,,0.0,20,0.0,0.0,4
,98.9093,step,0,idle,,0.0,21,21.0907,92.4599,0
,99.1977,step,22,moving_to_depot,,0.0,21,20.8023,89.4161,1
,114.7358,step,0,idle,,0.0,21,5.2642,98.118,2
,110.6265,step,17,moving_to_depot,,0.0,21,9.3735,96.5154,3
,120.0,step,0,idle,,0.0,21,0.0,0.0,4
,110.253,reach_depot,0,idle,,0.0,22,9.747,96.5154,3
,98.9093,step,0,idle,,0.0,22,21.0907,92.4599,0
,97.6977,step,22,moving_to_depot,,0.0,22,22.3023,89.4161,1
,114.7358,step,0,idle,,0.0,22,5.2642,98.118,2
,110.253,step,0,idle,,0.0,22,9.747,96.5154,3
,120.0,step,0,idle,,0.0,22,0.0,0.0,4
,98.9093,step,0,idle,,0.0,23,21.0907,92.4599,0
,96.1977,step,18,moving_to_depot,,0.0,23,23.8023,89.4161,1
,114.7358,step,0,idle,,0.0,23,5.2642,98.118,2
,110.253,step,0,idle,,0.0,23,9.747,96.5154,3
,120.0,step,0,idle,,0.0,23,0.0,0.0,4
,98.9093,step,0,idle,,0.0,24,21.0907,92.4599,0
,94.6977,step,18,moving_to_depot,,0.0,24,25.3023,89.4161,1
,114.7358,step,0,idle,,0.0,24,5.2642,98.118,2
,110.253,step,0,idle,,0.0,24,9.747,96.5154,3
,120.0,step,0,idle,,0.0,24,0.0,0.0,4
,98.9093,step,0,idle,,0.0,25,21.0907,92.4599,0
,93.1977,step,18,moving_to_depot,,0.0,25,26.8023,89.4161,1
,114.7358,step,0,idle,,0.0,25,5.2642,98.118,2
,110.253,step,0,idle,,0.0,25,9.747,96.5154,3
,120.0,step,0,idle,,0.0,25,0.0,0.0,4
,98.9093,step,0,idle,,0.0,26,21.0907,92.4599,0
,91.6977,step,18,moving_to_depot,,0.0,26,28.3023,89.4161,1
,114.7358,step,0,idle,,0.0,26,5.2642,98.118,2
,110.253,step,0,idle,,0.0,26,9.747,96.5154,3
,120.0,step,0,idle,,0.0,26,0.0,0.0,4
,90.3953,reach_depot,0,idle,,0.0,27,29.6047,89.4161,1
,98.9093,step,0,idle,,0.0,27,21.0907,92.4599,0
,90.3953,step,0,idle,,0.0,27,29.6047,89.4161,1
,114.7358,step,0,idle,,0.0,27,5.2642,98.118,2
,110.253,step,0,idle,,0.0,27,9.747,96.5154,3
,120.0,step,0,idle,,0.0,27,0.0,0.0,4
,98.9093,step,0,idle,,0.0,28,21.0907,92.4599,0
,90.3953,step,0,idle,,0.0,28,29.6047,89.4161,1
,114.7358,step,0,idle,,0.0,28,5.2642,98.118,2
,110.253,step,0,idle,,0.0,28,9.747,96.5154,3
,120.0,step,0,idle,,0.0,28,0.0,0.0,4
,98.9093,step,0,idle,,0.0,29,21.0907,92.4599,0
,90.3953,step,0,idle,,0.0,29,29.6047,89.4161,1
,114.7358,step,0,idle,,0.0,29,5.2642,98.118,2
,110.253,step,0,idle,,0.0,29,9.747,96.5154,3
,120.0,step,0,idle,,0.0,29,0.0,0.0,4
,98.9093,step,0,idle,,0.0,30,21.0907,92.4599,0
,90.3953,step,0,idle,,0.0,30,29.6047,89.4161,1
,114.7358,step,0,idle,,0.0,30,5.2642,98.118,2
,110.253,step,0,idle,,0.0,30,9.747,96.5154,3
,120.0,step,0,idle,,0.0,30,0.0,0.0,4
,98.9093,step,0,idle,,0.0,31,21.0907,92.4599,0
,90.3953,step,0,idle,,0.0,31,29.6047,89.4161,1
,114.7358,step,0,idle,,0.0,31,5.2642,98.118,2
,110.253,step,0,idle,,0.0,31,9.747,96.5154,3
,120.0,step,0,idle,,0.0,31,0.0,0.0,4
,98.9093,step,0,idle,,0.0,32,21.0907,92.4599,0
,90.3953,step,0,idle,,0.0,32,29.6047,89.4161,1
,114.7358,step,0,idle,,0.0,32,5.2642,98.118,2
,110.253,step,0,idle,,0.0,32,9.747,96.5154,3
,120.0,step,0,idle,,0.0,32,0.0,0.0,4
,98.9093,step,0,idle,,0.0,33,21.0907,92.4599,0
,90.3953,step,0,idle,,0.0,33,29.6047,89.4161,1
,114.7358,step,0,idle,,0.0,33,5.2642,98.118,2
,110.253,step,0,idle,,0.0,33,9.747,96.5154,3
,120.0,step,0,idle,,0.0,33,0.0,0.0,4
,98.9093,step,0,idle,,0.0,34,21.0907,92.4599,0
,90.3953,step,0,idle,,0.0,34,29.6047,89.4161,1
,114.7358,step,0,idle,,0.0,34,5.2642,98.118,2
,110.253,step,0,idle,,0.0,34,9.747,96.5154,3
,120.0,step,0,idle,,0.0,34,0.0,0.0,4
,98.9093,step,0,idle,,0.0,35,21.0907,92.4599,0
,90.3953,step,0,idle,,0.0,35,29.6047,89.4161,1
,114.7358,step,0,idle,,0.0,35,5.2642,98.118,2
,110.253,step,0,idle,,0.0,35,9.747,96.5154,3
,120.0,step,0,idle,,0.0,35,0.0,0.0,4
,98.9093,step,0,idle,,0.0,36,21.0907,92.4599,0
,90.3953,step,0,idle,,0.0,36,29.6047,89.4161,1
,114.7358,step,0,idle,,0.0,36,5.2642,98.118,2
,110.253,step,0,idle,,0.0,36,9.747,96.5154,3
,120.0,step,0,idle,,0.0,36,0.0,0.0,4
,98.9093,step,0,idle,,0.0,37,21.0907,92.4599,0
,90.3953,step,0,idle,,0.0,37,29.6047,89.4161,1
,114.7358,step,0,idle,,0.0,37,5.2642,98.118,2
,110.253,step,0,idle,,0.0,37,9.747,96.5154,3
,120.0,step,0,idle,,0.0,37,0.0,0.0,4
,98.9093,step,0,idle,,0.0,38,21.0907,92.4599,0
,90.3953,step,0,idle,,0.0,38,29.6047,89.4161,1
,114.7358,step,0,idle,,0.0,38,5.2642,98.118,2
,110.253,step,0,idle,,0.0,38,9.747,96.5154,3
,120.0,step,0,idle,,0.0,38,0.0,0.0,4
,98.9093,step,0,idle,,0.0,39,21.0907,92.4599,0
,90.3953,step,0,idle,,0.0,39,29.6047,89.4161,1
,114.7358,step,0,idle,,0.0,39,5.2642,98.118,2
,110.253,step,0,idle,,0.0,39,9.747,96.5154,3
,120.0,step,0,idle,,0.0,39,0.0,0.0,4
,98.9093,step,0,idle,,0.0,40,21.0907,92.4599,0
,90.3953,step,0,idle,,0.0,40,29.6047,89.4161,1
,114.7358,step,0,idle,,0.0,40,5.2642,98.118,2
,110.253,step,0,idle,,0.0,40,9.747,96.5154,3
,120.0,step,0,idle,,0.0,40,0.0,0.0,4
13,98.9093,dispatch,0,moving_to_task,,26.68,41,21.0907,92.4599,0
13,97.4093,step,0,moving_to_task,,26.68,41,22.5907,92.4599,0
,90.3953,step,0,idle,,0.0,41,29.6047,89.4161,1
,114.7358,step,0,idle,,0.0,41,5.2642,98.118,2
,110.253,step,0,idle,,0.0,41,9.747,96.5154,3
,120.0,step,0,idle,,0.0,41,0.0,0.0,4
13,95.9093,step,0,moving_to_task,,26.68,42,24.0907,92.4599,0
,90.3953,step,0,idle,,0.0,42,29.6047,89.4161,1
,114.7358,step,0,idle,,0.0,42,5.2642,98.118,2
,110.253,step,0,idle,,0.0,42,9.747,96.5154,3
,120.0,step,0,idle,,0.0,42,0.0,0.0,4
14,90.3953,dispatch,0,moving_to_task,,24.66,43,29.6047,89.4161,1
13,94.4093,step,0,moving_to_task,,26.68,43,25.5907,92.4599,0
14,88.8953,step,0,moving_to_task,,24.66,43,31.1047,89.4161,1
,114.7358,step,0,idle,,0.0,43,5.2642,98.118,2
,110.253,step,0,idle,,0.0,43,9.747,96.5154,3
,120.0,step,0,idle,,0.0,43,0.0,0.0,4
13,92.9093,step,0,moving_to_task,,26.68,44,27.0907,92.4599,0
14,87.3953,step,0,moving_to_task,,24.66,44,32.6047,89.4161,1
,114.7358,step,0,idle,,0.0,44,5.2642,98.118,2
,110.253,step,0,idle,,0.0,44,9.747,96.5154,3
,120.0,step,0,idle,,0.0,44,0.0,0.0,4
22,114.7358,dispatch,0,moving_to_task,,12.05,45,5.2642,98.118,2
26,110.253,dispatch,0,moving_to_task,,21.18,45,9.747,96.5154,3
,92.1322,task_finish,18,moving_to_task,,0.0,45,27.8678,187.6141,0
,92.1322,move_to_depot,18,moving_to_depot,,0.0,45,27.8678,187.6141,0
,92.1322,step,18,moving_to_depot,,0.0,45,27.8678,187.6141,0
14,85.8953,step,0,moving_to_task,,24.66,45,34.1047,89.4161,1
22,113.2358,step,0,moving_to_task,,12.05,45,6.7642,98.118,2
26,108.753,step,0,moving_to_task,,21.18,45,11.247,96.5154,3
,120.0,step,0,idle,,0.0,45,0.0,0.0,4
,90.6322,step,18,moving_to_depot,,0.0,46,29.3678,187.6141,0
14,84.3953,step,0,moving_to_task,,24.66,46,35.6047,89.4161,1
22,111.7358,step,1,moving_to_task,,12.05,46,8.2642,98.118,2
26,107.253,step,0,moving_to_task,,21.18,46,12.747,96.5154,3
,120.0,step,0,idle,,0.0,46,0.0,0.0,4
,89.1322,step,18,moving_to_depot,,0.0,47,30.8678,187.6141,0
14,82.8953,step,18,moving_to_task,,24.66,47,37.1047,89.4161,1
22,110.2358,step,1,moving_to_task,,12.05,47,9.7642,98.118,2
26,105.753,step,0,moving_to_task,,21.18,47,14.247,96.5154,3
,120.0,step,0,idle,,0.0,47,0.0,0.0,4
,87.6322,step,18,moving_to_depot,,0.0,48,32.3678,187.6141,0
14,81.3953,step,18,moving_to_task,,24.66,48,38.6047,89.4161,1
22,108.7358,step,1,moving_to_task,,12.05,48,11.2642,98.118,2
26,104.253,step,0,moving_to_task,,21.18,48,15.747,96.5154,3
,120.0,step,0,idle,,0.0,48,0.0,0.0,4
,86.1322,step,18,moving_to_depot,,0.0,49,33.8678,187.6141,0
14,79.8953,step,18,moving_to_task,,24.66,49,40.1047,89.4161,1
22,107.2358,step,1,moving_to_task,,12.05,49,12.7642,98.118,2
26,102.753,step,0,moving_to_task,,21.18,49,17.247,96.5154,3
,120.0,step,0,idle,,0.0,49,0.0,0.0,4
,85.3551,reach_depot,0,idle,,0.0,50,34.6449,187.6141,0
,85.3551,step,0,idle,,0.0,50,34.6449,187.6141,0
14,78.3953,step,21,moving_to_task,,24.66,50,41.6047,89.4161,1
22,105.7358,step,1,moving_to_task,,12.05,50,14.2642,98.118,2
26,101.253,step,0,moving_to_task,,21.18,50,18.747,96.5154,3
,120.0,step,0,idle,,0.0,50,0.0,0.0,4
,85.3551,step,0,idle,,0.0,51,34.6449,187.6141,0
14,76.8953,step,21,moving_to_task,,24.66,51,43.1047,89.4161,1
22,104.2358,step,4,moving_to_task,,12.05,51,15.7642,98.118,2
26,99.753,step,0,moving_to_task,,21.18,51,20.247,96.5154,3
,120.0,step,0,idle,,0.0,51,0.0,0.0,4
,85.3551,step,0,idle,,0.0,52,34.6449,187.6141,0
14,75.3953,step,21,moving_to_task,,24.66,52,44.6047,89.4161,1
22,102.7358,step,4,moving_to_task,,12.05,52,17.2642,98.118,2
26,98.253,step,0,moving_to_task,,21.18,52,21.747,96.5154,3
,120.0,step,0,idle,,0.0,52,0.0,0.0,4
,75.345,task_finish,13,moving_to_task,,0.0,53,44.655,178.6548,1
,75.345,move_to_depot,13,moving_to_depot,,0.0,53,44.655,178.6548,1
,97.485,task_finish,2,moving_to_task,,0.0,53,22.515,187.386,3
,97.485,move_to_depot,2,moving_to_depot,,0.0,53,22.515,187.386,3
,85.3551,step,0,idle,,0.0,53,34.6449,187.6141,0
,75.345,step,13,moving_to_depot,,0.0,53,44.655,178.6548,1
22,101.2358,step,4,moving_to_task,,12.05,53,18.7642,98.118,2
,97.485,step,2,moving_to_depot,,0.0,53,22.515,187.386,3
,120.0,step,0,idle,,0.0,53,0.0,0.0,4
,85.3551,step,0,idle,,0.0,54,34.6449,187.6141,0
,73.845,step,13,moving_to_depot,,0.0,54,46.155,178.6548,1
22,99.7358,step,4,moving_to_task,,12.05,54,20.2642,98.118,2
,95.985,step,2,moving_to_depot,,0.0,54,24.015,187.386,3
,120.0,step,0,idle,,0.0,54,0.0,0.0,4
,99.4287,task_finish,14,moving_to_task,,0.0,55,20.5713,187.1731,2
,99.4287,move_to_depot,14,moving_to_depot,,0.0,55,20.5713,187.1731,2
,85.3551,step,0,idle,,0.0,55,34.6449,187.6141,0
,72.345,step,13,moving_to_depot,,0.0,55,47.655,178.6548,1
,99.4287,step,14,moving_to_depot,,0.0,55,20.5713,187.1731,2
,94.485,step,2,moving_to_depot,,0.0,55,25.515,187.386,3
,120.0,step,0,idle,,0.0,55,0.0,0.0,4
,85.3551,step,0,idle,,0.0,56,34.6449,187.6141,0
,70.845,step,21,moving_to_depot,,0.0,56,49.155,178.6548,1
,97.9287,step,14,moving_to_depot,,0.0,56,22.0713,187.1731,2
,92.985,step,2,moving_to_depot,,0.0,56,27.015,187.386,3
,120.0,step,0,idle,,0.0,56,0.0,0.0,4
10,85.3551,dispatch,0,moving_to_task,,29.69,57,34.6449,187.6141,0
10,83.8551,step,0,moving_to_task,,29.69,57,36.1449,187.6141,0
,69.345,step,21,moving_to_depot,,0.0,57,50.655,178.6548,1
,96.4287,step,14,moving_to_depot,,0.0,57,23.5713,187.1731,2
,91.485,step,2,moving_to_depot,,0.0,57,28.515,187.386,3
,120.0,step,0,idle,,0.0,57,0.0,0.0,4
10,82.3551,step,1,moving_to_task,,29.69,58,37.6449,187.6141,0
,67.845,step,21,moving_to_depot,,0.0,58,52.155,178.6548,1
,94.9287,step,14,moving_to_depot,,0.0,58,25.0713,187.1731,2
,89.985,step,2,moving_to_depot,,0.0,58,30.015,187.386,3
,120.0,step,0,idle,,0.0,58,0.0,0.0,4
10,80.8551,step,1,moving_to_task,,29.69,59,39.1449,187.6141,0
,66.345,step,18,moving_to_depot,,0.0,59,53.655,178.6548,1
,93.4287,step,4,moving_to_depot,,0.0,59,26.5713,187.1731,2
,88.485,step,2,moving_to_depot,,0.0,59,31.515,187.386,3
,120.0,step,0,idle,,0.0,59,0.0,0.0,4
10,79.3551,step,1,moving_to_task,,29.69,60,40.6449,187.6141,0
,64.845,step,18,moving_to_depot,,0.0,60,55.155,178.6548,1
,91.9287,step,4,moving_to_depot,,0.0,60,28.0713,187.1731,2
,86.985,step,2,moving_to_depot,,0.0,60,33.015,187.386,3
,120.0,step,0,idle,,0.0,60,0.0,0.0,4
10,77.8551,step,1,moving_to_task,,29.69,61,42.1449,187.6141,0
,63.345,step,18,moving_to_depot,,0.0,61,56.655,178.6548,1
,90.4287,step,4,moving_to_depot,,0.0,61,29.5713,187.1731,2
,85.485,step,2,moving_to_depot,,0.0,61,34.515,187.386,3
,120.0,step,0,idle,,0.0,61,0.0,0.0,4
,84.7171,reach_depot,0,idle,,0.0,62,35.2829,187.386,3
10,76.3551,step,1,moving_to_task,,29.69,62,43.6449,187.6141,0
,61.845,step,18,moving_to_depot,,0.0,62,58.155,178.6548,1
,88.9287,step,4,moving_to_depot,,0.0,62,31.0713,187.1731,2
,84.7171,step,0,idle,,0.0,62,35.2829,187.386,3
,120.0,step,0,idle,,0.0,62,0.0,0.0,4
10,74.8551,step,4,moving_to_task,,29.69,63,45.1449,187.6141,0
,60.345,step,18,moving_to_depot,,0.0,63,59.655,178.6548,1
,87.4287,step,4,moving_to_depot,,0.0,63,32.5713,187.1731,2
,84.7171,step,0,idle,,0.0,63,35.2829,187.386,3
,120.0,step,0,idle,,0.0,63,0.0,0.0,4
20,84.7171,dispatch,0,moving_to_task,,10.72,64,35.2829,187.386,3
,60.2947,reach_depot,0,idle,,0.0,64,59.7053,178.6548,1
10,73.3551,step,4,moving_to_task,,29.69,64,46.6449,187.6141,0
,60.2947,step,0,idle,,0.0,64,59.7053,178.6548,1
,85.9287,step,1,moving_to_depot,,0.0,64,34.0713,187.1731,2
20,83.2171,step,0,moving_to_task,,10.72,64,36.7829,187.386,3
,120.0,step,0,idle,,0.0,64,0.0,0.0,4
10,71.8551,step,4,moving_to_task,,29.69,65,48.1449,187.6141,0
,60.2947,step,0,idle,,0.0,65,59.7053,178.6548,1
,84.4287,step,1,moving_to_depot,,0.0,65,35.5713,187.1731,2
20,81.7171,step,0,moving_to_task,,10.72,65,38.2829,187.386,3
,120.0,step,0,idle,,0.0,65,0.0,0.0,4
,84.1216,reach_depot,0,idle,,0.0,66,35.8784,187.1731,2
10,70.3551,step,4,moving_to_task,,29.69,66,49.6449,187.6141,0
,60.2947,step,0,idle,,0.0,66,59.7053,178.6548,1
,84.1216,step,0,idle,,0.0,66,35.8784,187.1731,2
20,80.2171,step,0,moving_to_task,,10.72,66,39.7829,187.386,3
,120.0,step,0,idle,,0.0,66,0.0,0.0,4
,70.048,task_finish,14,moving_to_task,,0.0,67,49.952,276.6693,0
,70.048,move_to_depot,14,moving_to_depot,,0.0,67,49.952,276.6693,0
,70.048,step,14,moving_to_depot,,0.0,67,49.952,276.6693,0
,60.2947,step,0,idle,,0.0,67,59.7053,178.6548,1
,84.1216,step,0,idle,,0.0,67,35.8784,187.1731,2
20,78.7171,step,0,moving_to_task,,10.72,67,41.2829,187.386,3
,120.0,step,0,idle,,0.0,67,0.0,0.0,4
,68.548,step,14,moving_to_depot,,0.0,68,51.452,276.6693,0
,60.2947,step,0,idle,,0.0,68,59.7053,178.6548,1
,84.1216,step,0,idle,,0.0,68,35.8784,187.1731,2
20,77.2171,step,18,moving_to_task,,10.72,68,42.7829,187.386,3
,120.0,step,0,idle,,0.0,68,0.0,0.0,4
,67.048,step,14,moving_to_depot,,0.0,69,52.952,276.6693,0
,60.2947,step,0,idle,,0.0,69,59.7053,178.6548,1
,84.1216,step,0,idle,,0.0,69,35.8784,187.1731,2
20,75.7171,step,18,moving_to_task,,10.72,69,44.2829,187.386,3
,120.0,step,0,idle,,0.0,69,0.0,0.0,4
,65.548,step,14,moving_to_depot,,0.0,70,54.452,276.6693,0
,60.2947,step,0,idle,,0.0,70,59.7053,178.6548,1
,84.1216,step,0,idle,,0.0,70,35.8784,187.1731,2
20,74.2171,step,18,moving_to_task,,10.72,70,45.7829,187.386,3
,120.0,step,0,idle,,0.0,70,0.0,0.0,4
,64.048,step,4,moving_to_depot,,0.0,71,55.952,276.6693,0
,60.2947,step,0,idle,,0.0,71,59.7053,178.6548,1
,84.1216,step,0,idle,,0.0,71,35.8784,187.1731,2
20,72.7171,step,18,moving_to_task,,10.72,71,47.2829,187.386,3
,120.0,step,0,idle,,0.0,71,0.0,0.0,4
,62.548,step,4,moving_to_depot,,0.0,72,57.452,276.6693,0
,60.2947,step,0,idle,,0.0,72,59.7053,178.6548,1
,84.1216,step,0,idle,,0.0,72,35.8784,187.1731,2
20,71.2171,step,18,moving_to_task,,10.72,72,48.7829,187.386,3
,120.0,step,0,idle,,0.0,72,0.0,0.0,4
,71.0439,task_finish,12,moving_to_task,,0.0,73,48.9561,277.6095,3
,71.0439,move_to_depot,12,moving_to_depot,,0.0,73,48.9561,277.6095,3
,61.048,step,4,moving_to_depot,,0.0,73,58.952,276.6693,0
,60.2947,step,0,idle,,0.0,73,59.7053,178.6548,1
,84.1216,step,0,idle,,0.0,73,35.8784,187.1731,2
,71.0439,step,12,moving_to_depot,,0.0,73,48.9561,277.6095,3
,120.0,step,0,idle,,0.0,73,0.0,0.0,4
,59.548,step,4,moving_to_depot,,0.0,74,60.452,276.6693,0
,60.2947,step,0,idle,,0.0,74,59.7053,178.6548,1
,84.1216,step,0,idle,,0.0,74,35.8784,187.1731,2
,69.5439,step,12,moving_to_depot,,0.0,74,50.4561,277.6095,3
,120.0,step,0,idle,,0.0,74,0.0,0.0,4
,58.048,step,4,moving_to_depot,,0.0,75,61.952,276.6693,0
,60.2947,step,0,idle,,0.0,75,59.7053,178.6548,1
,84.1216,step,0,idle,,0.0,75,35.8784,187.1731,2
,68.0439,step,12,moving_to_depot,,0.0,75,51.9561,277.6095,3
,120.0,step,0,idle,,0.0,75,0.0,0.0,4
,56.548,step,1,moving_to_depot,,0.0,76,63.452,276.6693,0
,60.2947,step,0,idle,,0.0,76,59.7053,178.6548,1
,84.1216,step,0,idle,,0.0,76,35.8784,187.1731,2
,66.5439,step,12,moving_to_depot,,0.0,76,53.4561,277.6095,3
,120.0,step,0,idle,,0.0,76,0.0,0.0,4
,55.048,step,1,moving_to_depot,,0.0,77,64.952,276.6693,0
,60.2947,step,0,idle,,0.0,77,59.7053,178.6548,1
,84.1216,step,0,idle,,0.0,77,35.8784,187.1731,2
,65.0439,step,12,moving_to_depot,,0.0,77,54.9561,277.6095,3
,120.0,step,0,idle,,0.0,77,0.0,0.0,4
,54.7408,reach_depot,0,idle,,0.0,78,65.2592,276.6693,0
,54.7408,step,0,idle,,0.0,78,65.2592,276.6693,0
,60.2947,step,0,idle,,0.0,78,59.7053,178.6548,1
,84.1216,step,0,idle,,0.0,78,35.8784,187.1731,2
,63.5439,step,18,moving_to_depot,,0.0,78,56.4561,277.6095,3
,120.0,step,0,idle,,0.0,78,0.0,0.0,4
,54.7408,step,0,idle,,0.0,79,65.2592,276.6693,0
,60.2947,step,0,idle,,0.0,79,59.7053,178.6548,1
,84.1216,step,0,idle,,0.0,79,35.8784,187.1731,2
,62.0439,step,18,moving_to_depot,,0.0,79,57.9561,277.6095,3
,120.0,step,0,idle,,0.0,79,0.0,0.0,4
,54.7408,step,0,idle,,0.0,80,65.2592,276.6693,0
,60.2947,step,0,idle,,0.0,80,59.7053,178.6548,1
,84.1216,step,0,idle,,0.0,80,35.8784,187.1731,2
,60.5439,step,18,moving_to_depot,,0.0,80,59.4561,277.6095,3
,120.0,step,0,idle,,0.0,80,0.0,0.0,4
,54.7408,step,0,idle,,0.0,81,65.2592,276.6693,0
,60.2947,step,0,idle,,0.0,81,59.7053,178.6548,1
,84.1216,step,0,idle,,0.0,81,35.8784,187.1731,2
,59.0439,step,18,moving_to_depot,,0.0,81,60.9561,277.6095,3
,120.0,step,0,idle,,0.0,81,0.0,0.0,4
,54.7408,step,0,idle,,0.0,82,65.2592,276.6693,0
,60.2947,step,0,idle,,0.0,82,59.7053,178.6548,1
,84.1216,step,0,idle,,0.0,82,35.8784,187.1731,2
,57.5439,step,18,moving_to_depot,,0.0,82,62.4561,277.6095,3
,120.0,step,0,idle,,0.0,82,0.0,0.0,4
,57.3708,reach_depot,0,idle,,0.0,83,62.6292,277.6095,3
,54.7408,step,0,idle,,0.0,83,65.2592,276.6693,0
,60.2947,step,0,idle,,0.0,83,59.7053,178.6548,1
,84.1216,step,0,idle,,0.0,83,35.8784,187.1731,2
,57.3708,step,0,idle,,0.0,83,62.6292,277.6095,3
,120.0,step,0,idle,,0.0,83,0.0,0.0,4
,54.7408,step,0,idle,,0.0,84,65.2592,276.6693,0
,60.2947,step,0,idle,,0.0,84,59.7053,178.6548,1
,84.1216,step,0,idle,,0.0,84,35.8784,187.1731,2
,57.3708,step,0,idle,,0.0,84,62.6292,277.6095,3
,120.0,step,0,idle,,0.0,84,0.0,0.0,4
,54.7408,step,0,idle,,0.0,85,65.2592,276.6693,0
,60.2947,step,0,idle,,0.0,85,59.7053,178.6548,1
,84.1216,step,0,idle,,0.0,85,35.8784,187.1731,2
,57.3708,step,0,idle,,0.0,85,62.6292,277.6095,3
,120.0,step,0,idle,,0.0,85,0.0,0.0,4
,54.7408,step,0,idle,,0.0,86,65.2592,276.6693,0
,60.2947,step,0,idle,,0.0,86,59.7053,178.6548,1
,84.1216,step,0,idle,,0.0,86,35.8784,187.1731,2
,57.3708,step,0,idle,,0.0,86,62.6292,277.6095,3
,120.0,step,0,idle,,0.0,86,0.0,0.0,4
,54.7408,step,0,idle,,0.0,87,65.2592,276.6693,0
,60.2947,step,0,idle,,0.0,87,59.7053,178.6548,1
,84.1216,step,0,idle,,0.0,87,35.8784,187.1731,2
,57.3708,step,0,idle,,0.0,87,62.6292,277.6095,3
,120.0,step,0,idle,,0.0,87,0.0,0.0,4
,54.7408,step,0,idle,,0.0,88,65.2592,276.6693,0
,60.2947,step,0,idle,,0.0,88,59.7053,178.6548,1
,84.1216,step,0,idle,,0.0,88,35.8784,187.1731,2
,57.3708,step,0,idle,,0.0,88,62.6292,277.6095,3
,120.0,step,0,idle,,0.0,88,0.0,0.0,4
1,54.7408,dispatch,0,moving_to_task,,12.07,89,65.2592,276.6693,0
1,53.2408,step,0,moving_to_task,,12.07,89,66.7592,276.6693,0
,60.2947,step,0,idle,,0.0,89,59.7053,178.6548,1
,84.1216,step,0,idle,,0.0,89,35.8784,187.1731,2
,57.3708,step,0,idle,,0.0,89,62.6292,277.6095,3
,120.0,step,0,idle,,0.0,89,0.0,0.0,4
1,51.7408,step,0,moving_to_task,,12.07,90,68.2592,276.6693,0
,60.2947,step,0,idle,,0.0,90,59.7053,178.6548,1
,84.1216,step,0,idle,,0.0,90,35.8784,187.1731,2
,57.3708,step,0,idle,,0.0,90,62.6292,277.6095,3
,120.0,step,0,idle,,0.0,90,0.0,0.0,4
1,50.2408,step,0,moving_to_task,,12.07,91,69.7592,276.6693,0
,60.2947,step,0,idle,,0.0,91,59.7053,178.6548,1
,84.1216,step,0,idle,,0.0,91,35.8784,187.1731,2
,57.3708,step,0,idle,,0.0,91,62.6292,277.6095,3
,120.0,step,0,idle,,0.0,91,0.0,0.0,4
1,48.7408,step,0,moving_to_task,,12.07,92,71.2592,276.6693,0
,60.2947,step,0,idle,,0.0,92,59.7053,178.6548,1
,84.1216,step,0,idle,,0.0,92,35.8784,187.1731,2
,57.3708,step,0,idle,,0.0,92,62.6292,277.6095,3
,120.0,step,0,idle,,0.0,92,0.0,0.0,4
1,47.2408,step,18,moving_to_task,,12.07,93,72.7592,276.6693,0
,60.2947,step,0,idle,,0.0,93,59.7053,178.6548,1
,84.1216,step,0,idle,,0.0,93,35.8784,187.1731,2
,57.3708,step,0,idle,,0.0,93,62.6292,277.6095,3
,120.0,step,0,idle,,0.0,93,0.0,0.0,4
5,60.2947,dispatch,0,moving_to_task,,10.85,94,59.7053,178.6548,1
29,84.1216,dispatch,0,moving_to_task,,10.85,94,35.8784,187.1731,2
1,45.7408,step,18,moving_to_task,,12.07,94,74.2592,276.6693,0
5,58.7947,step,0,moving_to_task,,10.85,94,61.2053,178.6548,1
29,82.6216,step,0,moving_to_task,,10.85,94,37.3784,187.1731,2
,57.3708,step,0,idle,,0.0,94,62.6292,277.6095,3
,120.0,step,0,idle,,0.0,94,0.0,0.0,4
1,44.2408,step,18,moving_to_task,,12.07,95,75.7592,276.6693,0
5,57.2947,step,0,moving_to_task,,10.85,95,62.7053,178.6548,1
29,81.1216,step,3,moving_to_task,,10.85,95,38.8784,187.1731,2
,57.3708,step,0,idle,,0.0,95,62.6292,277.6095,3
,120.0,step,0,idle,,0.0,95,0.0,0.0,4
1,42.7408,step,18,moving_to_task,,12.07,96,77.2592,276.6693,0
5,55.7947,step,0,moving_to_task,,10.85,96,64.2053,178.6548,1
29,79.6216,step,3,moving_to_task,,10.85,96,40.3784,187.1731,2
,57.3708,step,0,idle,,0.0,96,62.6292,277.6095,3
,120.0,step,0,idle,,0.0,96,0.0,0.0,4
1,41.2408,step,18,moving_to_task,,12.07,97,78.7592,276.6693,0
5,54.2947,step,17,moving_to_task,,10.85,97,65.7053,178.6548,1
29,78.1216,step,3,moving_to_task,,10.85,97,41.8784,187.1731,2
,57.3708,step,0,idle,,0.0,97,62.6292,277.6095,3
,120.0,step,0,idle,,0.0,97,0.0,0.0,4
,41.0677,task_finish,12,moving_to_task,,0.0,98,78.9323,366.8927,0
,41.0677,move_to_depot,12,moving_to_depot,,0.0,98,78.9323,366.8927,0
,41.0677,step,12,moving_to_depot,,0.0,98,78.9323,366.8927,0
5,52.7947,step,17,moving_to_task,,10.85,98,67.2053,178.6548,1
29,76.6216,step,3,moving_to_task,,10.85,98,43.3784,187.1731,2
,57.3708,step,0,idle,,0.0,98,62.6292,277.6095,3
,120.0,step,0,idle,,0.0,98,0.0,0.0,4
,39.5677,step,12,moving_to_depot,,0.0,99,80.4323,366.8927,0
5,51.2947,step,17,moving_to_task,,10.85,99,68.7053,178.6548,1
29,75.1216,step,3,moving_to_task,,10.85,99,44.8784,187.1731,2
,57.3708,step,0,idle,,0.0,99,62.6292,277.6095,3
,120.0,step,0,idle,,0.0,99,0.0,0.0,4
,38.0677,step,12,moving_to_depot,,0.0,100,81.9323,366.8927,0
5,49.7947,step,17,moving_to_task,,10.85,100,70.2053,178.6548,1
29,73.6216,step,3,moving_to_task,,10.85,100,46.3784,187.1731,2
,57.3708,step,0,idle,,0.0,100,62.6292,277.6095,3
,120.0,step,0,idle,,0.0,100,0.0,0.0,4
,73.5762,task_finish,15,moving_to_task,,0.0,101,46.4238,279.633,2
,73.5762,move_to_depot,15,moving_to_depot,,0.0,101,46.4238,279.633,2
,36.5677,step,12,moving_to_depot,,0.0,101,83.4323,366.8927,0
5,48.2947,step,17,moving_to_task,,10.85,101,71.7053,178.6548,1
,73.5762,step,15,moving_to_depot,,0.0,101,46.4238,279.633,2
,57.3708,step,0,idle,,0.0,101,62.6292,277.6095,3
,120.0,step,0,idle,,0.0,101,0.0,0.0,4
,35.0677,step,12,moving_to_depot,,0.0,102,84.9323,366.8927,0
5,46.7947,step,17,moving_to_task,,10.85,102,73.2053,178.6548,1
,72.0762,step,15,moving_to_depot,,0.0,102,47.9238,279.633,2
,57.3708,step,0,idle,,0.0,102,62.6292,277.6095,3
,120.0,step,0,idle,,0.0,102,0.0,0.0,4
8,57.3708,dispatch,0,moving_to_task,,25.43,103,62.6292,277.6095,3
,33.5677,step,18,moving_to_depot,,0.0,103,86.4323,366.8927,0
5,45.2947,step,17,moving_to_task,,10.85,103,74.7053,178.6548,1
,70.5762,step,15,moving_to_depot,,0.0,103,49.4238,279.633,2
8,55.8708,step,0,moving_to_task,,25.43,103,64.1292,277.6095,3
,120.0,step,0,idle,,0.0,103,0.0,0.0,4
,55.0781,task_finish,1,moving_to_task,,0.0,104,64.9219,375.9702,3
,55.0781,move_to_depot,1,moving_to_depot,,0.0,104,64.9219,375.9702,3
,32.0677,step,18,moving_to_depot,,0.0,104,87.9323,366.8927,0
5,43.7947,step,17,moving_to_task,,10.85,104,76.2053,178.6548,1
,69.0762,step,15,moving_to_depot,,0.0,104,50.9238,279.633,2
,55.0781,step,1,moving_to_depot,,0.0,104,64.9219,375.9702,3
,120.0,step,0,idle,,0.0,104,0.0,0.0,4
,42.3779,task_finish,7,moving_to_task,,0.0,105,77.6221,265.844,1
,42.3779,move_to_depot,7,moving_to_depot,,0.0,105,77.6221,265.844,1
,30.5677,step,18,moving_to_depot,,0.0,105,89.4323,366.8927,0
,42.3779,step,7,moving_to_depot,,0.0,105,77.6221,265.844,1
,67.5762,step,15,moving_to_depot,,0.0,105,52.4238,279.633,2
,53.5781,step,1,moving_to_depot,,0.0,105,66.4219,375.9702,3
,120.0,step,0,idle,,0.0,105,0.0,0.0,4
,52.7854,reach_depot,0,idle,,0.0,106,67.2146,375.9702,3
,29.0677,step,18,moving_to_depot,,0.0,106,90.9323,366.8927,0
,40.8779,step,7,moving_to_depot,,0.0,106,79.1221,265.844,1
,66.0762,step,15,moving_to_depot,,0.0,106,53.9238,279.633,2
,52.7854,step,0,idle,,0.0,106,67.2146,375.9702,3
,120.0,step,0,idle,,0.0,106,0.0,0.0,4
,27.5677,step,18,moving_to_depot,,0.0,107,92.4323,366.8927,0
,39.3779,step,7,moving_to_depot,,0.0,107,80.6221,265.844,1
,64.5762,step,3,moving_to_depot,,0.0,107,55.4238,279.633,2
,52.7854,step,0,idle,,0.0,107,67.2146,375.9702,3
,120.0,step,0,idle,,0.0,107,0.0,0.0,4
,27.3945,reach_depot,0,idle,,0.0,108,92.6055,366.8927,0
,27.3945,step,0,idle,,0.0,108,92.6055,366.8927,0
,37.8779,step,7,moving_to_depot,,0.0,108,82.1221,265.844,1
,63.0762,step,3,moving_to_depot,,0.0,108,56.9238,279.633,2
,52.7854,step,0,idle,,0.0,108,67.2146,375.9702,3
,120.0,step,0,idle,,0.0,108,0.0,0.0,4
24,52.7854,dispatch,0,moving_to_task,,12.26,109,67.2146,375.9702,3
,63.0309,reach_depot,0,idle,,0.0,109,56.9691,279.633,2
,27.3945,step,0,idle,,0.0,109,92.6055,366.8927,0
,36.3779,step,7,moving_to_depot,,0.0,109,83.6221,265.844,1
,63.0309,step,0,idle,,0.0,109,56.9691,279.633,2
24,51.2854,step,0,moving_to_task,,12.26,109,68.7146,375.9702,3
,120.0,step,0,idle,,0.0,109,0.0,0.0,4
27,27.3945,dispatch,0,moving_to_task,,15.45,110,92.6055,366.8927,0
27,25.8945,step,0,moving_to_task,,15.45,110,94.1055,366.8927,0
,34.8779,step,7,moving_to_depot,,0.0,110,85.1221,265.844,1
,63.0309,step,0,idle,,0.0,110,56.9691,279.633,2
24,49.7854,step,3,moving_to_task,,12.26,110,70.2146,375.9702,3
,120.0,step,0,idle,,0.0,110,0.0,0.0,4
27,24.3945,step,3,moving_to_task,,15.45,111,95.6055,366.8927,0
,33.3779,step,7,moving_to_depot,,0.0,111,86.6221,265.844,1
,63.0309,step,0,idle,,0.0,111,56.9691,279.633,2
24,48.2854,step,3,moving_to_task,,12.26,111,71.7146,375.9702,3
,120.0,step,0,idle,,0.0,111,0.0,0.0,4
27,22.8945,step,3,moving_to_task,,15.45,112,97.1055,366.8927,0
,31.8779,step,7,moving_to_depot,,0.0,112,88.1221,265.844,1
,63.0309,step,0,idle,,0.0,112,56.9691,279.633,2
24,46.7854,step,3,moving_to_task,,12.26,112,73.2146,375.9702,3
,120.0,step,0,idle,,0.0,112,0.0,0.0,4
11,63.0309,dispatch,0,moving_to_task,,20.17,113,56.9691,279.633,2
27,21.3945,step,3,moving_to_task,,15.45,113,98.6055,366.8927,0
,30.3779,step,7,moving_to_depot,,0.0,113,89.6221,265.844,1
11,61.5309,step,0,moving_to_task,,20.17,113,58.4691,279.633,2
24,45.2854,step,10,moving_to_task,,12.26,113,74.7146,375.9702,3
,120.0,step,0,idle,,0.0,113,0.0,0.0,4
27,19.8945,step,10,moving_to_task,,15.45,114,100.1055,366.8927,0
,28.8779,step,17,moving_to_depot,,0.0,114,91.1221,265.844,1
11,60.0309,step,3,moving_to_task,,20.17,114,59.9691,279.633,2
24,43.7854,step,10,moving_to_task,,12.26,114,76.2146,375.9702,3
,120.0,step,0,idle,,0.0,114,0.0,0.0,4
27,18.3945,step,10,moving_to_task,,15.45,115,101.6055,366.8927,0
,27.3779,step,17,moving_to_depot,,0.0,115,92.6221,265.844,1
11,58.5309,step,3,moving_to_task,,20.17,115,61.4691,279.633,2
24,42.2854,step,10,moving_to_task,,12.26,115,77.7146,375.9702,3
,120.0,step,0,idle,,0.0,115,0.0,0.0,4
27,16.8945,step,10,moving_to_task,,15.45,116,103.1055,366.8927,0
,25.8779,step,17,moving_to_depot,,0.0,116,94.1221,265.844,1
11,57.0309,step,3,moving_to_task,,20.17,116,62.9691,279.633,2
24,40.7854,step,10,moving_to_task,,12.26,116,79.2146,375.9702,3
,120.0,step,0,idle,,0.0,116,0.0,0.0,4
,24.4611,reach_depot,0,idle,,0.0,117,95.5389,265.844,1
27,15.3945,step,10,moving_to_task,,15.45,117,104.6055,366.8927,0
,24.4611,step,0,idle,,0.0,117,95.5389,265.844,1
11,55.5309,step,3,moving_to_task,,20.17,117,64.4691,279.633,2
24,39.2854,step,20,moving_to_task,,12.26,117,80.7146,375.9702,3
,120.0,step,0,idle,,0.0,117,0.0,0.0,4
,14.0628,task_finish,20,moving_to_task,,0.0,118,105.9372,457.3603,0
,14.0628,move_to_depot,20,moving_to_depot,,0.0,118,105.9372,457.3603,0
,14.0628,step,20,moving_to_depot,,0.0,118,105.9372,457.3603,0
,24.4611,step,0,idle,,0.0,118,95.5389,265.844,1
11,54.0309,step,3,moving_to_task,,20.17,118,65.9691,279.633,2
24,37.7854,step,20,moving_to_task,,12.26,118,82.2146,375.9702,3
,120.0,step,0,idle,,0.0,118,0.0,0.0,4
,53.2262,task_finish,5,moving_to_task,,0.0,119,66.7738,372.6225,2
,53.2262,move_to_depot,5,moving_to_depot,,0.0,119,66.7738,372.6225,2
,12.5628,step,20,moving_to_depot,,0.0,119,107.4372,457.3603,0
,24.4611,step,0,idle,,0.0,119,95.5389,265.844,1
,53.2262,step,5,moving_to_depot,,0.0,119,66.7738,372.6225,2
24,36.2854,step,20,moving_to_task,,12.26,119,83.7146,375.9702,3
,120.0,step,0,idle,,0.0,119,0.0,0.0,4
,11.0628,step,20,moving_to_depot,,0.0,120,108.9372,457.3603,0
,24.4611,step,0,idle,,0.0,120,95.5389,265.844,1
,51.7262,step,5,moving_to_depot,,0.0,120,68.2738,372.6225,2
24,34.7854,step,20,moving_to_task,,12.26,120,85.2146,375.9702,3
,120.0,step,0,idle,,0.0,120,0.0,0.0,4
0,120.0,dispatch,0,moving_to_task,,20.07,121,0.0,0.0,4
,33.9756,task_finish,25,moving_to_task,,0.0,121,86.0244,462.5208,3
,33.9756,move_to_depot,25,moving_to_depot,,0.0,121,86.0244,462.5208,3
,9.5628,step,20,moving_to_depot,,0.0,121,110.4372,457.3603,0
,24.4611,step,0,idle,,0.0,121,95.5389,265.844,1
,50.2262,step,5,moving_to_depot,,0.0,121,69.7738,372.6225,2
,33.9756,step,25,moving_to_depot,,0.0,121,86.0244,462.5208,3
0,118.5,step,0,moving_to_task,,20.07,121,1.5,0.0,4
16,24.4611,dispatch,0,moving_to_task,,12.15,122,95.5389,265.844,1
,8.0628,step,20,moving_to_depot,,0.0,122,111.9372,457.3603,0
16,22.9611,step,0,moving_to_task,,12.15,122,97.0389,265.844,1
,48.7262,step,5,moving_to_depot,,0.0,122,71.2738,372.6225,2
,32.4756,step,25,moving_to_depot,,0.0,122,87.5244,462.5208,3
0,117.0,step,0,moving_to_task,,20.07,122,3.0,0.0,4
,22.1684,task_finish,1,moving_to_task,,0.0,123,97.8316,364.2047,1
,22.1684,move_to_depot,1,moving_to_depot,,0.0,123,97.8316,364.2047,1
,6.5628,step,10,moving_to_depot,,0.0,123,113.4372,457.3603,0
,22.1684,step,1,moving_to_depot,,0.0,123,97.8316,364.2047,1
,47.2262,step,5,moving_to_depot,,0.0,123,72.7738,372.6225,2
,30.9756,step,25,moving_to_depot,,0.0,123,89.0244,462.5208,3
0,115.5,step,0,moving_to_task,,20.07,123,4.5,0.0,4
,5.0628,step,10,moving_to_depot,,0.0,124,114.9372,457.3603,0
,20.6684,step,1,moving_to_depot,,0.0,124,99.3316,364.2047,1
,45.7262,step,3,moving_to_depot,,0.0,124,74.2738,372.6225,2
,29.4756,step,25,moving_to_depot,,0.0,124,90.5244,462.5208,3
0,114.0,step,0,moving_to_task,,20.07,124,6.0,0.0,4
,19.8757,reach_depot,0,idle,,0.0,125,100.1243,364.2047,1
,19.8757,move_to_charge,0,moving_to_charge,1,0.0,125,100.1243,364.2047,1
,3.5628,step,10,moving_to_depot,,0.0,125,116.4372,457.3603,0
,19.8757,step,0,moving_to_charge,1,0.0,125,100.1243,364.2047,1
,44.2262,step,3,moving_to_depot,,0.0,125,75.7738,372.6225,2
,27.9756,step,20,moving_to_depot,,0.0,125,92.0244,462.5208,3
0,112.5,step,18,moving_to_task,,20.07,125,7.5,0.0,4
,43.4216,reach_depot,0,idle,,0.0,126,76.5784,372.6225,2
,2.0628,step,3,moving_to_depot,,0.0,126,117.9372,457.3603,0
,18.3757,step,0,moving_to_charge,1,0.0,126,101.6243,364.2047,1
,43.4216,step,0,idle,,0.0,126,76.5784,372.6225,2
,26.4756,step,20,moving_to_depot,,0.0,126,93.5244,462.5208,3
0,111.0,step,18,moving_to_task,,20.07,126,9.0,0.0,4
2,43.4216,dispatch,0,moving_to_task,,19.66,127,76.5784,372.6225,2
,0.7311,reach_depot,0,idle,,0.0,127,119.2689,457.3603,0
,0.7311,step,0,idle,,0.0,127,119.2689,457.3603,0
,16.8757,step,0,moving_to_charge,1,0.0,127,103.1243,364.2047,1
2,41.9216,step,0,moving_to_task,,19.66,127,78.0784,372.6225,2
,24.9756,step,20,moving_to_depot,,0.0,127,95.0244,462.5208,3
0,109.5,step,18,moving_to_task,,20.07,127,10.5,0.0,4
,0.7311,step,0,idle,,0.0,128,119.2689,457.3603,0
,15.3757,step,0,moving_to_charge,1,0.0,128,104.6243,364.2047,1
2,40.4216,step,3,moving_to_task,,19.66,128,79.5784,372.6225,2
,23.4756,step,20,moving_to_depot,,0.0,128,96.5244,462.5208,3
0,108.0,step,18,moving_to_task,,20.07,128,12.0,0.0,4
,0.7311,step,0,idle,,0.0,129,119.2689,457.3603,0
,13.8757,step,0,moving_to_charge,1,0.0,129,106.1243,364.2047,1
2,38.9216,step,3,moving_to_task,,19.66,129,81.0784,372.6225,2
,21.9756,step,10,moving_to_depot,,0.0,129,98.0244,462.5208,3
0,106.5,step,18,moving_to_task,,20.07,129,13.5,0.0,4
,105.1977,task_finish,22,moving_to_task,,0.0,130,14.8023,89.4161,4
,105.1977,move_to_depot,22,moving_to_depot,,0.0,130,14.8023,89.4161,4
,0.7311,step,0,idle,,0.0,130,119.2689,457.3603,0
,12.3757,step,0,moving_to_charge,1,0.0,130,107.6243,364.2047,1
2,37.4216,step,3,moving_to_task,,19.66,130,82.5784,372.6225,2
,20.4756,step,10,moving_to_depot,,0.0,130,99.5244,462.5208,3
,105.1977,step,22,moving_to_depot,,0.0,130,14.8023,89.4161,4
,0.7311,step,0,idle,,0.0,131,119.2689,457.3603,0
,10.8757,step,0,moving_to_charge,1,0.0,131,109.1243,364.2047,1
2,35.9216,step,3,moving_to_task,,19.66,131,84.0784,372.6225,2
,18.9756,step,10,moving_to_depot,,0.0,131,101.0244,462.5208,3
,103.6977,step,22,moving_to_depot,,0.0,131,16.3023,89.4161,4
,0.7311,step,0,idle,,0.0,132,119.2689,457.3603,0
,9.3757,step,0,moving_to_charge,1,0.0,132,110.6243,364.2047,1
2,34.4216,step,3,moving_to_task,,19.66,132,85.5784,372.6225,2
,17.4756,step,3,moving_to_depot,,0.0,132,102.5244,462.5208,3
,102.1977,step,22,moving_to_depot,,0.0,132,17.8023,89.4161,4
,0.7311,step,0,idle,,0.0,133,119.2689,457.3603,0
,7.8757,step,0,moving_to_charge,1,0.0,133,112.1243,364.2047,1
2,32.9216,step,3,moving_to_task,,19.66,133,87.0784,372.6225,2
,15.9756,step,3,moving_to_depot,,0.0,133,104.0244,462.5208,3
,100.6977,step,22,moving_to_depot,,0.0,133,19.3023,89.4161,4
,6.6698,queue_charge,27,waiting_charge,1,0.0,134,113.3302,364.2047,1
,32.8762,task_finish,15,moving_to_task,,0.0,134,87.1238,465.0824,2
,32.8762,move_to_depot,15,moving_to_depot,,0.0,134,87.1238,465.0824,2
,15.1658,reach_depot,0,idle,,0.0,134,104.8342,462.5208,3
,15.1658,move_to_charge,0,moving_to_charge,1,0.0,134,104.8342,462.5208,3
,6.6698,charge_start,27,charging,1,0.0,134,113.3302,364.2047,1
,0.7311,step,0,idle,,0.0,134,119.2689,457.3603,0
,6.6698,step,27,charging,1,0.0,134,113.3302,364.2047,1
,32.8762,step,15,moving_to_depot,,0.0,134,87.1238,465.0824,2
,15.1658,step,0,moving_to_charge,1,0.0,134,104.8342,462.5208,3
,99.1977,step,22,moving_to_depot,,0.0,134,20.8023,89.4161,4
,0.7311,step,0,idle,,0.0,135,119.2689,457.3603,0
,12.6698,step,27,charging,1,0.0,135,113.3302,364.2047,1
,31.3762,step,15,moving_to_depot,,0.0,135,88.6238,465.0824,2
,13.6658,step,0,moving_to_charge,1,0.0,135,106.3342,462.5208,3
,97.6977,step,22,moving_to_depot,,0.0,135,22.3023,89.4161,4
,0.7311,step,0,idle,,0.0,136,119.2689,457.3603,0
,18.6698,step,27,charging,1,0.0,136,113.3302,364.2047,1
,29.8762,step,15,moving_to_depot,,0.0,136,90.1238,465.0824,2
,12.1658,step,0,moving_to_charge,1,0.0,136,107.8342,462.5208,3
,96.1977,step,18,moving_to_depot,,0.0,136,23.8023,89.4161,4
,0.7311,step,0,idle,,0.0,137,119.2689,457.3603,0
,24.6698,step,27,charging,1,0.0,137,113.3302,364.2047,1
,28.3762,step,15,moving_to_depot,,0.0,137,91.6238,465.0824,2
,10.6658,step,0,moving_to_charge,1,0.0,137,109.3342,462.5208,3
,94.6977,step,18,moving_to_depot,,0.0,137,25.3023,89.4161,4
,0.7311,step,0,idle,,0.0,138,119.2689,457.3603,0
,30.6698,step,27,charging,1,0.0,138,113.3302,364.2047,1
,26.8762,step,15,moving_to_depot,,0.0,138,93.1238,465.0824,2
,9.1658,step,0,moving_to_charge,1,0.0,138,110.8342,462.5208,3
,93.1977,step,18,moving_to_depot,,0.0,138,26.8023,89.4161,4
,0.7311,step,0,idle,,0.0,139,119.2689,457.3603,0
,36.6698,step,27,charging,1,0.0,139,113.3302,364.2047,1
,25.3762,step,15,moving_to_depot,,0.0,139,94.6238,465.0824,2
,7.6658,step,0,moving_to_charge,1,0.0,139,112.3342,462.5208,3
,91.6977,step,18,moving_to_depot,,0.0,139,28.3023,89.4161,4
,90.3953,reach_depot,0,idle,,0.0,140,29.6047,89.4161,4
,0.7311,step,0,idle,,0.0,140,119.2689,457.3603,0
,42.6698,step,27,charging,1,0.0,140,113.3302,364.2047,1
,23.8762,step,3,moving_to_depot,,0.0,140,96.1238,465.0824,2
,6.1658,step,0,moving_to_charge,1,0.0,140,113.8342,462.5208,3
,90.3953,step,0,idle,,0.0,140,29.6047,89.4161,4
12,90.3953,dispatch,0,moving_to_task,,26.58,141,29.6047,89.4161,4
,0.7311,step,0,idle,,0.0,141,119.2689,457.3603,0
,48.6698,step,27,charging,1,0.0,141,113.3302,364.2047,1
,22.3762,step,3,moving_to_depot,,0.0,141,97.6238,465.0824,2
,4.6658,step,0,moving_to_charge,1,0.0,141,115.3342,462.5208,3
12,88.8953,step,0,moving_to_task,,26.58,141,31.1047,89.4161,4
,22.3309,reach_depot,0,idle,,0.0,142,97.6691,465.0824,2
,22.3309,move_to_charge,0,moving_to_charge,1,0.0,142,97.6691,465.0824,2
,0.7311,step,0,idle,,0.0,142,119.2689,457.3603,0
,54.6698,step,27,charging,1,0.0,142,113.3302,364.2047,1
,22.3309,step,0,moving_to_charge,1,0.0,142,97.6691,465.0824,2
,3.1658,step,0,moving_to_charge,1,0.0,142,116.8342,462.5208,3
12,87.3953,step,0,moving_to_task,,26.58,142,32.6047,89.4161,4
,1.9599,queue_charge,27,waiting_charge,1,0.0,143,118.0401,462.5208,3
,1.9599,charge_start,27,charging,1,0.0,143,118.0401,462.5208,3
,0.7311,step,0,idle,,0.0,143,119.2689,457.3603,0
,60.6698,step,27,charging,1,0.0,143,113.3302,364.2047,1
,20.8309,step,0,moving_to_charge,1,0.0,143,99.1691,465.0824,2
,1.9599,step,27,charging,1,0.0,143,118.0401,462.5208,3
12,85.8953,step,0,moving_to_task,,26.58,143,34.1047,89.4161,4
,0.7311,step,0,idle,,0.0,144,119.2689,457.3603,0
,66.6698,step,27,charging,1,0.0,144,113.3302,364.2047,1
,19.3309,step,0,moving_to_charge,1,0.0,144,100.6691,465.0824,2
,7.9599,step,27,charging,1,0.0,144,118.0401,462.5208,3
12,84.3953,step,0,moving_to_task,,26.58,144,35.6047,89.4161,4
,83.6182,task_finish,18,moving_to_task,,0.0,145,36.3818,184.5703,4
,83.6182,move_to_depot,18,moving_to_depot,,0.0,145,36.3818,184.5703,4
,0.7311,step,0,idle,,0.0,145,119.2689,457.3603,0
,72.6698,step,27,charging,1,0.0,145,113.3302,364.2047,1
,17.8309,step,0,moving_to_charge,1,0.0,145,102.1691,465.0824,2
,13.9599,step,27,charging,1,0.0,145,118.0401,462.5208,3
,83.6182,step,18,moving_to_depot,,0.0,145,36.3818,184.5703,4
,0.7311,step,0,idle,,0.0,146,119.2689,457.3603,0
,78.6698,step,27,charging,1,0.0,146,113.3302,364.2047,1
,16.3309,step,0,moving_to_charge,1,0.0,146,103.6691,465.0824,2
,19.9599,step,27,charging,1,0.0,146,118.0401,462.5208,3
,82.1182,step,18,moving_to_depot,,0.0,146,37.8818,184.5703,4
,0.7311,step,0,idle,,0.0,147,119.2689,457.3603,0
,84.6698,step,27,charging,1,0.0,147,113.3302,364.2047,1
,14.8309,step,0,moving_to_charge,1,0.0,147,105.1691,465.0824,2
,25.9599,step,27,charging,1,0.0,147,118.0401,462.5208,3
,80.6182,step,18,moving_to_depot,,0.0,147,39.3818,184.5703,4
,0.7311,step,0,idle,,0.0,148,119.2689,457.3603,0
,90.6698,step,27,charging,1,0.0,148,113.3302,364.2047,1
,13.3309,step,0,moving_to_charge,1,0.0,148,106.6691,465.0824,2
,31.9599,step,27,charging,1,0.0,148,118.0401,462.5208,3
,79.1182,step,18,moving_to_depot,,0.0,148,40.8818,184.5703,4
,0.7311,step,0,idle,,0.0,149,119.2689,457.3603,0
,96.6698,step,27,charging,1,0.0,149,113.3302,364.2047,1
,11.8309,step,0,moving_to_charge,1,0.0,149,108.1691,465.0824,2
,37.9599,step,27,charging,1,0.0,149,118.0401,462.5208,3
,77.6182,step,18,moving_to_depot,,0.0,149,42.3818,184.5703,4
,76.8411,reach_depot,0,idle,,0.0,150,43.1589,184.5703,4
,0.7311,step,0,idle,,0.0,150,119.2689,457.3603,0
,102.6698,step,27,charging,1,0.0,150,113.3302,364.2047,1
,10.3309,step,0,moving_to_charge,1,0.0,150,109.6691,465.0824,2
,43.9599,step,27,charging,1,0.0,150,118.0401,462.5208,3
,76.8411,step,0,idle,,0.0,150,43.1589,184.5703,4
21,76.8411,dispatch,0,moving_to_task,,24.49,151,43.1589,184.5703,4
,9.125,queue_charge,27,waiting_charge,1,0.0,151,110.875,465.0824,2
,108.6698,charge_finish,27,idle,,0.0,151,113.3302,364.2047,1
,9.125,charge_start,27,charging,1,0.0,151,110.875,465.0824,2
,0.7311,step,0,idle,,0.0,151,119.2689,457.3603,0
,108.6698,step,27,idle,,0.0,151,113.3302,364.2047,1
,9.125,step,27,charging,1,0.0,151,110.875,465.0824,2
,49.9599,step,27,charging,1,0.0,151,118.0401,462.5208,3
21,75.3411,step,0,moving_to_task,,24.49,151,44.6589,184.5703,4
7,108.6698,dispatch,27,moving_to_task,,24.76,152,113.3302,364.2047,1
,0.7311,step,0,idle,,0.0,152,119.2689,457.3603,0
7,107.1698,step,27,moving_to_task,,24.76,152,114.8302,364.2047,1
,15.125,step,27,charging,1,0.0,152,110.875,465.0824,2
,55.9599,step,27,charging,1,0.0,152,118.0401,462.5208,3
21,73.8411,step,0,moving_to_task,,24.49,152,46.1589,184.5703,4
,0.7311,step,0,idle,,0.0,153,119.2689,457.3603,0
7,105.6698,step,27,moving_to_task,,24.76,153,116.3302,364.2047,1
,21.125,step,27,charging,1,0.0,153,110.875,465.0824,2
,61.9599,step,27,charging,1,0.0,153,118.0401,462.5208,3
21,72.3411,step,0,moving_to_task,,24.49,153,47.6589,184.5703,4
,71.9676,task_finish,17,moving_to_task,,0.0,154,48.0324,281.0857,4
,71.9676,move_to_depot,17,moving_to_depot,,0.0,154,48.0324,281.0857,4
,0.7311,step,0,idle,,0.0,154,119.2689,457.3603,0
7,104.1698,step,24,moving_to_task,,24.76,154,117.8302,364.2047,1
,27.125,step,27,charging,1,0.0,154,110.875,465.0824,2
,67.9599,step,27,charging,1,0.0,154,118.0401,462.5208,3
,71.9676,step,17,moving_to_depot,,0.0,154,48.0324,281.0857,4
,0.7311,step,0,idle,,0.0,155,119.2689,457.3603,0
7,102.6698,step,24,moving_to_task,,24.76,155,119.3302,364.2047,1
,33.125,step,27,charging,1,0.0,155,110.875,465.0824,2
,73.9599,step,27,charging,1,0.0,155,118.0401,462.5208,3
,70.4676,step,17,moving_to_depot,,0.0,155,49.5324,281.0857,4
,0.7311,step,0,idle,,0.0,156,119.2689,457.3603,0
7,101.1698,step,24,moving_to_task,,24.76,156,120.8302,364.2047,1
,39.125,step,27,charging,1,0.0,156,110.875,465.0824,2
,79.9599,step,27,charging,1,0.0,156,118.0401,462.5208,3
,68.9676,step,17,moving_to_depot,,0.0,156,51.0324,281.0857,4
,0.7311,step,0,idle,,0.0,157,119.2689,457.3603,0
7,99.6698,step,24,moving_to_task,,24.76,157,122.3302,364.2047,1
,45.125,step,27,charging,1,0.0,157,110.875,465.0824,2
,85.9599,step,27,charging,1,0.0,157,118.0401,462.5208,3
,67.4676,step,17,moving_to_depot,,0.0,157,52.5324,281.0857,4
,67.0941,reach_depot,0,idle,,0.0,158,52.9059,281.0857,4
,0.7311,step,0,idle,,0.0,158,119.2689,457.3603,0
7,98.1698,step,24,moving_to_task,,24.76,158,123.8302,364.2047,1
,51.125,step,27,charging,1,0.0,158,110.875,465.0824,2
,91.9599,step,27,charging,1,0.0,158,118.0401,462.5208,3
,67.0941,step,0,idle,,0.0,158,52.9059,281.0857,4
25,67.0941,dispatch,0,moving_to_task,,22.85,159,52.9059,281.0857,4
,0.7311,step,0,idle,,0.0,159,119.2689,457.3603,0
7,96.6698,step,24,moving_to_task,,24.76,159,125.3302,364.2047,1
,57.125,step,27,charging,1,0.0,159,110.875,465.0824,2
,97.9599,step,27,charging,1,0.0,159,118.0401,462.5208,3
25,65.5941,step,0,moving_to_task,,22.85,159,54.4059,281.0857,4
,0.7311,step,0,idle,,0.0,160,119.2689,457.3603,0
7,95.1698,step,24,moving_to_task,,24.76,160,126.8302,364.2047,1
,63.125,step,27,charging,1,0.0,160,110.875,465.0824,2
,103.9599,step,27,charging,1,0.0,160,118.0401,462.5208,3
25,64.0941,step,0,moving_to_task,,22.85,160,55.9059,281.0857,4
,109.9599,charge_finish,27,idle,,0.0,161,118.0401,462.5208,3
,0.7311,step,0,idle,,0.0,161,119.2689,457.3603,0
7,93.6698,step,8,moving_to_task,,24.76,161,128.3302,364.2047,1
,69.125,step,27,charging,1,0.0,161,110.875,465.0824,2
,109.9599,step,27,idle,,0.0,161,118.0401,462.5208,3
25,62.5941,step,0,moving_to_task,,22.85,161,57.4059,281.0857,4
15,109.9599,dispatch,27,moving_to_task,,20.38,162,118.0401,462.5208,3
,0.7311,step,0,idle,,0.0,162,119.2689,457.3603,0
7,92.1698,step,8,moving_to_task,,24.76,162,129.8302,364.2047,1
,75.125,step,27,charging,1,0.0,162,110.875,465.0824,2
15,108.4599,step,27,moving_to_task,,20.38,162,119.5401,462.5208,3
25,61.0941,step,0,moving_to_task,,22.85,162,58.9059,281.0857,4
,0.7311,step,0,idle,,0.0,163,119.2689,457.3603,0
7,90.6698,step,8,moving_to_task,,24.76,163,131.3302,364.2047,1
,81.125,step,27,charging,1,0.0,163,110.875,465.0824,2
15,106.9599,step,27,moving_to_task,,20.38,163,121.0401,462.5208,3
25,59.5941,step,18,moving_to_task,,22.85,163,60.4059,281.0857,4
,0.7311,step,0,idle,,0.0,164,119.2689,457.3603,0
7,89.1698,step,12,moving_to_task,,24.76,164,132.8302,364.2047,1
,87.125,step,27,charging,1,0.0,164,110.875,465.0824,2
15,105.4599,step,27,moving_to_task,,20.38,164,122.5401,462.5208,3
25,58.0941,step,18,moving_to_task,,22.85,164,61.9059,281.0857,4
,0.7311,step,0,idle,,0.0,165,119.2689,457.3603,0
7,87.6698,step,12,moving_to_task,,24.76,165,134.3302,364.2047,1
,93.125,step,27,charging,1,0.0,165,110.875,465.0824,2
15,103.9599,step,23,moving_to_task,,20.38,165,124.0401,462.5208,3
25,56.5941,step,18,moving_to_task,,22.85,165,63.4059,281.0857,4
,0.7311,step,0,idle,,0.0,166,119.2689,457.3603,0
7,86.1698,step,12,moving_to_task,,24.76,166,135.8302,364.2047,1
,99.125,step,27,charging,1,0.0,166,110.875,465.0824,2
15,102.4599,step,23,moving_to_task,,20.38,166,125.5401,462.5208,3
25,55.0941,step,18,moving_to_task,,22.85,166,64.9059,281.0857,4
,0.7311,step,0,idle,,0.0,167,119.2689,457.3603,0
7,84.6698,step,12,moving_to_task,,24.76,167,137.3302,364.2047,1
,105.125,step,27,charging,1,0.0,167,110.875,465.0824,2
15,100.9599,step,23,moving_to_task,,20.38,167,127.0401,462.5208,3
25,53.5941,step,18,moving_to_task,,22.85,167,66.4059,281.0857,4
,111.125,charge_finish,27,idle,,0.0,168,110.875,465.0824,2
,0.7311,step,0,idle,,0.0,168,119.2689,457.3603,0
7,83.1698,step,12,moving_to_task,,24.76,168,138.8302,364.2047,1
,111.125,step,27,idle,,0.0,168,110.875,465.0824,2
15,99.4599,step,23,moving_to_task,,20.38,168,128.5401,462.5208,3
25,52.0941,step,18,moving_to_task,,22.85,168,67.9059,281.0857,4
18,111.125,dispatch,27,moving_to_task,,11.33,169,110.875,465.0824,2
,82.0387,task_finish,22,moving_to_task,,0.0,169,139.9613,445.1629,1
,82.0387,move_to_depot,22,moving_to_depot,,0.0,169,139.9613,445.1629,1
,0.7311,step,0,idle,,0.0,169,119.2689,457.3603,0
,82.0387,step,22,moving_to_depot,,0.0,169,139.9613,445.1629,1
18,109.625,step,27,moving_to_task,,11.33,169,112.375,465.0824,2
15,97.9599,step,23,moving_to_task,,20.38,169,130.0401,462.5208,3
25,50.5941,step,18,moving_to_task,,22.85,169,69.4059,281.0857,4
,50.2961,task_finish,8,moving_to_task,,0.0,170,69.7039,369.0748,4
,50.2961,move_to_depot,8,moving_to_depot,,0.0,170,69.7039,369.0748,4
,0.7311,step,0,idle,,0.0,170,119.2689,457.3603,0
,80.5387,step,22,moving_to_depot,,0.0,170,141.4613,445.1629,1
18,108.125,step,27,moving_to_task,,11.33,170,113.875,465.0824,2
15,96.4599,step,10,moving_to_task,,20.38,170,131.5401,462.5208,3
,50.2961,step,8,moving_to_depot,,0.0,170,69.7039,369.0748,4
,0.7311,step,0,idle,,0.0,171,119.2689,457.3603,0
,79.0387,step,22,moving_to_depot,,0.0,171,142.9613,445.1629,1
18,106.625,step,24,moving_to_task,,11.33,171,115.375,465.0824,2
15,94.9599,step,10,moving_to_task,,20.38,171,133.0401,462.5208,3
,48.7961,step,8,moving_to_depot,,0.0,171,71.2039,369.0748,4
,93.7688,task_finish,16,moving_to_task,,0.0,172,134.2312,550.9439,3
,93.7688,move_to_depot,16,moving_to_depot,,0.0,172,134.2312,550.9439,3
,0.7311,step,0,idle,,0.0,172,119.2689,457.3603,0
,77.5387,step,22,moving_to_depot,,0.0,172,144.4613,445.1629,1
18,105.125,step,24,moving_to_task,,11.33,172,116.875,465.0824,2
,93.7688,step,16,moving_to_depot,,0.0,172,134.2312,550.9439,3
,47.2961,step,8,moving_to_depot,,0.0,172,72.7039,369.0748,4
,0.7311,step,0,idle,,0.0,173,119.2689,457.3603,0
,76.0387,step,22,moving_to_depot,,0.0,173,145.9613,445.1629,1
18,103.625,step,24,moving_to_task,,11.33,173,118.375,465.0824,2
,92.2688,step,16,moving_to_depot,,0.0,173,135.7312,550.9439,3
,45.7961,step,8,moving_to_depot,,0.0,173,74.2039,369.0748,4
,0.7311,step,0,idle,,0.0,174,119.2689,457.3603,0
,74.5387,step,22,moving_to_depot,,0.0,174,147.4613,445.1629,1
18,102.125,step,24,moving_to_task,,11.33,174,119.875,465.0824,2
,90.7688,step,16,moving_to_depot,,0.0,174,137.2312,550.9439,3
,44.2961,step,8,moving_to_depot,,0.0,174,75.7039,369.0748,4
,89.5211,reach_depot,0,idle,,0.0,175,138.4789,550.9439,3
,0.7311,step,0,idle,,0.0,175,119.2689,457.3603,0
,73.0387,step,18,moving_to_depot,,0.0,175,148.9613,445.1629,1
18,100.625,step,24,moving_to_task,,11.33,175,121.375,465.0824,2
,89.5211,step,0,idle,,0.0,175,138.4789,550.9439,3
,42.7961,step,8,moving_to_depot,,0.0,175,77.2039,369.0748,4
19,89.5211,dispatch,0,moving_to_task,,20.54,176,138.4789,550.9439,3
,0.7311,step,0,idle,,0.0,176,119.2689,457.3603,0
,71.5387,step,18,moving_to_depot,,0.0,176,150.4613,445.1629,1
18,99.125,step,24,moving_to_task,,11.33,176,122.875,465.0824,2
19,88.0211,step,0,moving_to_task,,20.54,176,139.9789,550.9439,3
,41.2961,step,8,moving_to_depot,,0.0,176,78.7039,369.0748,4
,0.7311,step,0,idle,,0.0,177,119.2689,457.3603,0
,70.0387,step,18,moving_to_depot,,0.0,177,151.9613,445.1629,1
18,97.625,step,24,moving_to_task,,11.33,177,124.375,465.0824,2
19,86.5211,step,1,moving_to_task,,20.54,177,141.4789,550.9439,3
,39.7961,step,18,moving_to_depot,,0.0,177,80.2039,369.0748,4
,0.7311,step,0,idle,,0.0,178,119.2689,457.3603,0
,68.5387,step,18,moving_to_depot,,0.0,178,153.4613,445.1629,1
18,96.125,step,8,moving_to_task,,11.33,178,125.875,465.0824,2
19,85.0211,step,1,moving_to_task,,20.54,178,142.9789,550.9439,3
,38.2961,step,18,moving_to_depot,,0.0,178,81.7039,369.0748,4
,67.2364,reach_depot,0,idle,,0.0,179,154.7636,445.1629,1
,0.7311,step,0,idle,,0.0,179,119.2689,457.3603,0
,67.2364,step,0,idle,,0.0,179,154.7636,445.1629,1
18,94.625,step,8,moving_to_task,,11.33,179,127.375,465.0824,2
19,83.5211,step,1,moving_to_task,,20.54,179,144.4789,550.9439,3
,36.7961,step,18,moving_to_depot,,0.0,179,83.2039,369.0748,4
