time,station_id,node_id,queue_length,occupied_piles,waiting_vehicles,charging_slots
0,0,2896525936,0,0,[],"[None, None]"
0,1,12772227062,0,0,[],"[None, None]"
0,2,12774584141,0,0,[],"[None, None]"
0,3,12774691148,0,0,[],"[None, None]"
0,4,12774691150,0,0,[],"[None, None]"
0,5,12774691152,0,0,[],"[None, None]"
0,6,12774691153,0,0,[],"[None, None]"
0,7,12774691154,0,0,[],"[None, None]"
0,8,12772227061,0,0,[],"[None, None]"
0,9,12776127683,0,0,[],"[None, None]"
0,10,12776127686,0,0,[],"[None, None]"
0,11,12776127687,0,0,[],"[None, None]"
0,12,12776127688,0,0,[],"[None, None]"
0,13,12776127689,0,0,[],"[None, None]"
0,14,12776127690,0,0,[],"[None, None]"
0,15,12776127691,0,0,[],"[None, None]"
0,16,12777982601,0,0,[],"[None, None]"
0,17,12776127684,0,0,[],"[None, None]"
0,18,12772227060,0,0,[],"[None, None]"
0,19,12774691151,0,0,[],"[None, None]"
0,20,12772227058,0,0,[],"[None, None]"
0,21,5229674646,0,0,[],"[None, None]"
0,22,5318075316,0,0,[],"[None, None]"
0,23,12772227059,0,0,[],"[None, None]"
0,24,11780099853,0,0,[],"[None, None]"
0,25,12607605906,0,0,[],"[None, None]"
0,26,12248565005,0,0,[],"[None, None]"
0,27,8261604036,0,0,[],"[None, None]"
0,28,8564126440,0,0,[],"[None, None]"
0,29,13109905631,0,0,[],"[None, None]"
0,30,13403837890,0,0,[],"[None, None]"
0,31,8564126435,0,0,[],"[None, None]"
0,32,6417062246,0,0,[],"[None, None]"
0,33,9083346991,0,0,[],"[None, None]"
0,34,8564126438,0,0,[],"[None, None]"
0,35,12184400264,0,0,[],"[None, None]"
0,36,8563847378,0,0,[],"[None, None]"
0,37,5227263043,0,0,[],"[None, None]"
0,38,4638394171,0,0,[],"[None, None]"
0,39,6386646511,0,0,[],"[None, None]"
0,40,5315933054,0,0,[],"[None, None]"
0,41,5232087693,0,0,[],"[None, None]"
0,42,8293663947,0,0,[],"[None, None]"
0,43,8524589575,0,0,[],"[None, None]"
0,44,2183271343,0,0,[],"[None, None]"
0,45,8311429790,0,0,[],"[None, None]"
0,46,5227839640,0,0,[],"[None, None]"
0,47,9007776007,0,0,[],"[None, None]"
0,48,1174948856,0,0,[],"[None, None]"
0,49,12798065832,0,0,[],"[None, None]"
0,50,8246704820,0,0,[],"[None, None]"
0,51,2212686561,0,0,[],"[None, None]"
0,52,5227839750,0,0,[],"[None, None]"
0,53,4084644936,0,0,[],"[None, None]"
0,54,6854581442,0,0,[],"[None, None]"
0,55,2189504431,0,0,[],"[None, None]"
0,56,3359333919,0,0,[],"[None, None]"
1,0,2896525936,0,0,[],"[None, None]"
1,1,12772227062,0,0,[],"[None, None]"
1,2,12774584141,0,0,[],"[None, None]"
1,3,12774691148,0,0,[],"[None, None]"
1,4,12774691150,0,0,[],"[None, None]"
1,5,12774691152,0,0,[],"[None, None]"
1,6,12774691153,0,0,[],"[None, None]"
1,7,12774691154,0,0,[],"[None, None]"
1,8,12772227061,0,0,[],"[None, None]"
1,9,12776127683,0,0,[],"[None, None]"
1,10,12776127686,0,0,[],"[None, None]"
1,11,12776127687,0,0,[],"[None, None]"
1,12,12776127688,0,0,[],"[None, None]"
1,13,12776127689,0,0,[],"[None, None]"
1,14,12776127690,0,0,[],"[None, None]"
1,15,12776127691,0,0,[],"[None, None]"
1,16,12777982601,0,0,[],"[None, None]"
1,17,12776127684,0,0,[],"[None, None]"
1,18,12772227060,0,0,[],"[None, None]"
1,19,12774691151,0,0,[],"[None, None]"
1,20,12772227058,0,0,[],"[None, None]"
1,21,5229674646,0,0,[],"[None, None]"
1,22,5318075316,0,0,[],"[None, None]"
1,23,12772227059,0,0,[],"[None, None]"
1,24,11780099853,0,0,[],"[None, None]"
1,25,12607605906,0,0,[],"[None, None]"
1,26,12248565005,0,0,[],"[None, None]"
1,27,8261604036,0,0,[],"[None, None]"
1,28,8564126440,0,0,[],"[None, None]"
1,29,13109905631,0,0,[],"[None, None]"
1,30,13403837890,0,0,[],"[None, None]"
1,31,8564126435,0,0,[],"[None, None]"
1,32,6417062246,0,0,[],"[None, None]"
1,33,9083346991,0,0,[],"[None, None]"
1,34,8564126438,0,0,[],"[None, None]"
1,35,12184400264,0,0,[],"[None, None]"
1,36,8563847378,0,0,[],"[None, None]"
1,37,5227263043,0,0,[],"[None, None]"
1,38,4638394171,0,0,[],"[None, None]"
1,39,6386646511,0,0,[],"[None, None]"
1,40,5315933054,0,0,[],"[None, None]"
1,41,5232087693,0,0,[],"[None, None]"
1,42,8293663947,0,0,[],"[None, None]"
1,43,8524589575,0,0,[],"[None, None]"
1,44,2183271343,0,0,[],"[None, None]"
1,45,8311429790,0,0,[],"[None, None]"
1,46,5227839640,0,0,[],"[None, None]"
1,47,9007776007,0,0,[],"[None, None]"
1,48,1174948856,0,0,[],"[None, None]"
1,49,12798065832,0,0,[],"[None, None]"
1,50,8246704820,0,0,[],"[None, None]"
1,51,2212686561,0,0,[],"[None, None]"
1,52,5227839750,0,0,[],"[None, None]"
1,53,4084644936,0,0,[],"[None, None]"
1,54,6854581442,0,0,[],"[None, None]"
1,55,2189504431,0,0,[],"[None, None]"
1,56,3359333919,0,0,[],"[None, None]"
2,0,2896525936,0,0,[],"[None, None]"
2,1,12772227062,0,0,[],"[None, None]"
2,2,12774584141,0,0,[],"[None, None]"
2,3,12774691148,0,0,[],"[None, None]"
2,4,12774691150,0,0,[],"[None, None]"
2,5,12774691152,0,0,[],"[None, None]"
2,6,12774691153,0,0,[],"[None, None]"
2,7,12774691154,0,0,[],"[None, None]"
2,8,12772227061,0,0,[],"[None, None]"
2,9,12776127683,0,0,[],"[None, None]"
2,10,12776127686,0,0,[],"[None, None]"
2,11,12776127687,0,0,[],"[None, None]"
2,12,12776127688,0,0,[],"[None, None]"
2,13,12776127689,0,0,[],"[None, None]"
2,14,12776127690,0,0,[],"[None, None]"
2,15,12776127691,0,0,[],"[None, None]"
2,16,12777982601,0,0,[],"[None, None]"
2,17,12776127684,0,0,[],"[None, None]"
2,18,12772227060,0,0,[],"[None, None]"
2,19,12774691151,0,0,[],"[None, None]"
2,20,12772227058,0,0,[],"[None, None]"
2,21,5229674646,0,0,[],"[None, None]"
2,22,5318075316,0,0,[],"[None, None]"
2,23,12772227059,0,0,[],"[None, None]"
2,24,11780099853,0,0,[],"[None, None]"
2,25,12607605906,0,0,[],"[None, None]"
2,26,12248565005,0,0,[],"[None, None]"
2,27,8261604036,0,0,[],"[None, None]"
2,28,8564126440,0,0,[],"[None, None]"
2,29,13109905631,0,0,[],"[None, None]"
2,30,13403837890,0,0,[],"[None, None]"
2,31,8564126435,0,0,[],"[None, None]"
2,32,6417062246,0,0,[],"[None, None]"
2,33,9083346991,0,0,[],"[None, None]"
2,34,8564126438,0,0,[],"[None, None]"
2,35,12184400264,0,0,[],"[None, None]"
2,36,8563847378,0,0,[],"[None, None]"
2,37,5227263043,0,0,[],"[None, None]"
2,38,4638394171,0,0,[],"[None, None]"
2,39,6386646511,0,0,[],"[None, None]"
2,40,5315933054,0,0,[],"[None, None]"
2,41,5232087693,0,0,[],"[None, None]"
2,42,8293663947,0,0,[],"[None, None]"
2,43,8524589575,0,0,[],"[None, None]"
2,44,2183271343,0,0,[],"[None, None]"
2,45,8311429790,0,0,[],"[None, None]"
2,46,5227839640,0,0,[],"[None, None]"
2,47,9007776007,0,0,[],"[None, None]"
2,48,1174948856,0,0,[],"[None, None]"
2,49,12798065832,0,0,[],"[None, None]"
2,50,8246704820,0,0,[],"[None, None]"
2,51,2212686561,0,0,[],"[None, None]"
2,52,5227839750,0,0,[],"[None, None]"
2,53,4084644936,0,0,[],"[None, None]"
2,54,6854581442,0,0,[],"[None, None]"
2,55,2189504431,0,0,[],"[None, None]"
2,56,3359333919,0,0,[],"[None, None]"
3,0,2896525936,0,0,[],"[None, None]"
3,1,12772227062,0,0,[],"[None, None]"
3,2,12774584141,0,0,[],"[None, None]"
3,3,12774691148,0,0,[],"[None, None]"
3,4,12774691150,0,0,[],"[None, None]"
3,5,12774691152,0,0,[],"[None, None]"
3,6,12774691153,0,0,[],"[None, None]"
3,7,12774691154,0,0,[],"[None, None]"
3,8,12772227061,0,0,[],"[None, None]"
3,9,12776127683,0,0,[],"[None, None]"
3,10,12776127686,0,0,[],"[None, None]"
3,11,12776127687,0,0,[],"[None, None]"
3,12,12776127688,0,0,[],"[None, None]"
3,13,12776127689,0,0,[],"[None, None]"
3,14,12776127690,0,0,[],"[None, None]"
3,15,12776127691,0,0,[],"[None, None]"
3,16,12777982601,0,0,[],"[None, None]"
3,17,12776127684,0,0,[],"[None, None]"
3,18,12772227060,0,0,[],"[None, None]"
3,19,12774691151,0,0,[],"[None, None]"
3,20,12772227058,0,0,[],"[None, None]"
3,21,5229674646,0,0,[],"[None, None]"
3,22,5318075316,0,0,[],"[None, None]"
3,23,12772227059,0,0,[],"[None, None]"
3,24,11780099853,0,0,[],"[None, None]"
3,25,12607605906,0,0,[],"[None, None]"
3,26,12248565005,0,0,[],"[None, None]"
3,27,8261604036,0,0,[],"[None, None]"
3,28,8564126440,0,0,[],"[None, None]"
3,29,13109905631,0,0,[],"[None, None]"
3,30,13403837890,0,0,[],"[None, None]"
3,31,8564126435,0,0,[],"[None, None]"
3,32,6417062246,0,0,[],"[None, None]"
3,33,9083346991,0,0,[],"[None, None]"
3,34,8564126438,0,0,[],"[None, None]"
3,35,12184400264,0,0,[],"[None, None]"
3,36,8563847378,0,0,[],"[None, None]"
3,37,5227263043,0,0,[],"[None, None]"
3,38,4638394171,0,0,[],"[None, None]"
3,39,6386646511,0,0,[],"[None, None]"
3,40,5315933054,0,0,[],"[None, None]"
3,41,5232087693,0,0,[],"[None, None]"
3,42,8293663947,0,0,[],"[None, None]"
3,43,8524589575,0,0,[],"[None, None]"
3,44,2183271343,0,0,[],"[None, None]"
3,45,8311429790,0,0,[],"[None, None]"
3,46,5227839640,0,0,[],"[None, None]"
3,47,9007776007,0,0,[],"[None, None]"
3,48,1174948856,0,0,[],"[None, None]"
3,49,12798065832,0,0,[],"[None, None]"
3,50,8246704820,0,0,[],"[None, None]"
3,51,2212686561,0,0,[],"[None, None]"
3,52,5227839750,0,0,[],"[None, None]"
3,53,4084644936,0,0,[],"[None, None]"
3,54,6854581442,0,0,[],"[None, None]"
3,55,2189504431,0,0,[],"[None, None]"
3,56,3359333919,0,0,[],"[None, None]"
4,0,2896525936,0,0,[],"[None, None]"
4,1,12772227062,0,0,[],"[None, None]"
4,2,12774584141,0,0,[],"[None, None]"
4,3,12774691148,0,0,[],"[None, None]"
4,4,12774691150,0,0,[],"[None, None]"
4,5,12774691152,0,0,[],"[None, None]"
4,6,12774691153,0,0,[],"[None, None]"
4,7,12774691154,0,0,[],"[None, None]"
4,8,12772227061,0,0,[],"[None, None]"
4,9,12776127683,0,0,[],"[None, None]"
4,10,12776127686,0,0,[],"[None, None]"
4,11,12776127687,0,0,[],"[None, None]"
4,12,12776127688,0,0,[],"[None, None]"
4,13,12776127689,0,0,[],"[None, None]"
4,14,12776127690,0,0,[],"[None, None]"
4,15,12776127691,0,0,[],"[None, None]"
4,16,12777982601,0,0,[],"[None, None]"
4,17,12776127684,0,0,[],"[None, None]"
4,18,12772227060,0,0,[],"[None, None]"
4,19,12774691151,0,0,[],"[None, None]"
4,20,12772227058,0,0,[],"[None, None]"
4,21,5229674646,0,0,[],"[None, None]"
4,22,5318075316,0,0,[],"[None, None]"
4,23,12772227059,0,0,[],"[None, None]"
4,24,11780099853,0,0,[],"[None, None]"
4,25,12607605906,0,0,[],"[None, None]"
4,26,12248565005,0,0,[],"[None, None]"
4,27,8261604036,0,0,[],"[None, None]"
4,28,8564126440,0,0,[],"[None, None]"
4,29,13109905631,0,0,[],"[None, None]"
4,30,13403837890,0,0,[],"[None, None]"
4,31,8564126435,0,0,[],"[None, None]"
4,32,6417062246,0,0,[],"[None, None]"
4,33,9083346991,0,0,[],"[None, None]"
4,34,8564126438,0,0,[],"[None, None]"
4,35,12184400264,0,0,[],"[None, None]"
4,36,8563847378,0,0,[],"[None, None]"
4,37,5227263043,0,0,[],"[None, None]"
4,38,4638394171,0,0,[],"[None, None]"
4,39,6386646511,0,0,[],"[None, None]"
4,40,5315933054,0,0,[],"[None, None]"
4,41,5232087693,0,0,[],"[None, None]"
4,42,8293663947,0,0,[],"[None, None]"
4,43,8524589575,0,0,[],"[None, None]"
4,44,2183271343,0,0,[],"[None, None]"
4,45,8311429790,0,0,[],"[None, None]"
4,46,5227839640,0,0,[],"[None, None]"
4,47,9007776007,0,0,[],"[None, None]"
4,48,1174948856,0,0,[],"[None, None]"
4,49,12798065832,0,0,[],"[None, None]"
4,50,8246704820,0,0,[],"[None, None]"
4,51,2212686561,0,0,[],"[None, None]"
4,52,5227839750,0,0,[],"[None, None]"
4,53,4084644936,0,0,[],"[None, None]"
4,54,6854581442,0,0,[],"[None, None]"
4,55,2189504431,0,0,[],"[None, None]"
4,56,3359333919,0,0,[],"[None, None]"
5,0,2896525936,0,0,[],"[None, None]"
5,1,12772227062,0,0,[],"[None, None]"
5,2,12774584141,0,0,[],"[None, None]"
5,3,12774691148,0,0,[],"[None, None]"
5,4,12774691150,0,0,[],"[None, None]"
5,5,12774691152,0,0,[],"[None, None]"
5,6,12774691153,0,0,[],"[None, None]"
5,7,12774691154,0,0,[],"[None, None]"
5,8,12772227061,0,0,[],"[None, None]"
5,9,12776127683,0,0,[],"[None, None]"
5,10,12776127686,0,0,[],"[None, None]"
5,11,12776127687,0,0,[],"[None, None]"
5,12,12776127688,0,0,[],"[None, None]"
5,13,12776127689,0,0,[],"[None, None]"
5,14,12776127690,0,0,[],"[None, None]"
5,15,12776127691,0,0,[],"[None, None]"
5,16,12777982601,0,0,[],"[None, None]"
5,17,12776127684,0,0,[],"[None, None]"
5,18,12772227060,0,0,[],"[None, None]"
5,19,12774691151,0,0,[],"[None, None]"
5,20,12772227058,0,0,[],"[None, None]"
5,21,5229674646,0,0,[],"[None, None]"
5,22,5318075316,0,0,[],"[None, None]"
5,23,12772227059,0,0,[],"[None, None]"
5,24,11780099853,0,0,[],"[None, None]"
5,25,12607605906,0,0,[],"[None, None]"
5,26,12248565005,0,0,[],"[None, None]"
5,27,8261604036,0,0,[],"[None, None]"
5,28,8564126440,0,0,[],"[None, None]"
5,29,13109905631,0,0,[],"[None, None]"
5,30,13403837890,0,0,[],"[None, None]"
5,31,8564126435,0,0,[],"[None, None]"
5,32,6417062246,0,0,[],"[None, None]"
5,33,9083346991,0,0,[],"[None, None]"
5,34,8564126438,0,0,[],"[None, None]"
5,35,12184400264,0,0,[],"[None, None]"
5,36,8563847378,0,0,[],"[None, None]"
5,37,5227263043,0,0,[],"[None, None]"
5,38,4638394171,0,0,[],"[None, None]"
5,39,6386646511,0,0,[],"[None, None]"
5,40,5315933054,0,0,[],"[None, None]"
5,41,5232087693,0,0,[],"[None, None]"
5,42,8293663947,0,0,[],"[None, None]"
5,43,8524589575,0,0,[],"[None, None]"
5,44,2183271343,0,0,[],"[None, None]"
5,45,8311429790,0,0,[],"[None, None]"
5,46,5227839640,0,0,[],"[None, None]"
5,47,9007776007,0,0,[],"[None, None]"
5,48,1174948856,0,0,[],"[None, None]"
5,49,12798065832,0,0,[],"[None, None]"
5,50,8246704820,0,0,[],"[None, None]"
5,51,2212686561,0,0,[],"[None, None]"
5,52,5227839750,0,0,[],"[None, None]"
5,53,4084644936,0,0,[],"[None, None]"
5,54,6854581442,0,0,[],"[None, None]"
5,55,2189504431,0,0,[],"[None, None]"
5,56,3359333919,0,0,[],"[None, None]"
6,0,2896525936,0,0,[],"[None, None]"
6,1,12772227062,0,0,[],"[None, None]"
6,2,12774584141,0,0,[],"[None, None]"
6,3,12774691148,0,0,[],"[None, None]"
6,4,12774691150,0,0,[],"[None, None]"
6,5,12774691152,0,0,[],"[None, None]"
6,6,12774691153,0,0,[],"[None, None]"
6,7,12774691154,0,0,[],"[None, None]"
6,8,12772227061,0,0,[],"[None, None]"
6,9,12776127683,0,0,[],"[None, None]"
6,10,12776127686,0,0,[],"[None, None]"
6,11,12776127687,0,0,[],"[None, None]"
6,12,12776127688,0,0,[],"[None, None]"
6,13,12776127689,0,0,[],"[None, None]"
6,14,12776127690,0,0,[],"[None, None]"
6,15,12776127691,0,0,[],"[None, None]"
6,16,12777982601,0,0,[],"[None, None]"
6,17,12776127684,0,0,[],"[None, None]"
6,18,12772227060,0,0,[],"[None, None]"
6,19,12774691151,0,0,[],"[None, None]"
6,20,12772227058,0,0,[],"[None, None]"
6,21,5229674646,0,0,[],"[None, None]"
6,22,5318075316,0,0,[],"[None, None]"
6,23,12772227059,0,0,[],"[None, None]"
6,24,11780099853,0,0,[],"[None, None]"
6,25,12607605906,0,0,[],"[None, None]"
6,26,12248565005,0,0,[],"[None, None]"
6,27,8261604036,0,0,[],"[None, None]"
6,28,8564126440,0,0,[],"[None, None]"
6,29,13109905631,0,0,[],"[None, None]"
6,30,13403837890,0,0,[],"[None, None]"
6,31,8564126435,0,0,[],"[None, None]"
6,32,6417062246,0,0,[],"[None, None]"
6,33,9083346991,0,0,[],"[None, None]"
6,34,8564126438,0,0,[],"[None, None]"
6,35,12184400264,0,0,[],"[None, None]"
6,36,8563847378,0,0,[],"[None, None]"
6,37,5227263043,0,0,[],"[None, None]"
6,38,4638394171,0,0,[],"[None, None]"
6,39,6386646511,0,0,[],"[None, None]"
6,40,5315933054,0,0,[],"[None, None]"
6,41,5232087693,0,0,[],"[None, None]"
6,42,8293663947,0,0,[],"[None, None]"
6,43,8524589575,0,0,[],"[None, None]"
6,44,2183271343,0,0,[],"[None, None]"
6,45,8311429790,0,0,[],"[None, None]"
6,46,5227839640,0,0,[],"[None, None]"
6,47,9007776007,0,0,[],"[None, None]"
6,48,1174948856,0,0,[],"[None, None]"
6,49,12798065832,0,0,[],"[None, None]"
6,50,8246704820,0,0,[],"[None, None]"
6,51,2212686561,0,0,[],"[None, None]"
6,52,5227839750,0,0,[],"[None, None]"
6,53,4084644936,0,0,[],"[None, None]"
6,54,6854581442,0,0,[],"[None, None]"
6,55,2189504431,0,0,[],"[None, None]"
6,56,3359333919,0,0,[],"[None, None]"
7,0,2896525936,0,0,[],"[None, None]"
7,1,12772227062,0,0,[],"[None, None]"
7,2,12774584141,0,0,[],"[None, None]"
7,3,12774691148,0,0,[],"[None, None]"
7,4,12774691150,0,0,[],"[None, None]"
7,5,12774691152,0,0,[],"[None, None]"
7,6,12774691153,0,0,[],"[None, None]"
7,7,12774691154,0,0,[],"[None, None]"
7,8,12772227061,0,0,[],"[None, None]"
7,9,12776127683,0,0,[],"[None, None]"
7,10,12776127686,0,0,[],"[None, None]"
7,11,12776127687,0,0,[],"[None, None]"
7,12,12776127688,0,0,[],"[None, None]"
7,13,12776127689,0,0,[],"[None, None]"
7,14,12776127690,0,0,[],"[None, None]"
7,15,12776127691,0,0,[],"[None, None]"
7,16,12777982601,0,0,[],"[None, None]"
7,17,12776127684,0,0,[],"[None, None]"
7,18,12772227060,0,0,[],"[None, None]"
7,19,12774691151,0,0,[],"[None, None]"
7,20,12772227058,0,0,[],"[None, None]"
7,21,5229674646,0,0,[],"[None, None]"
7,22,5318075316,0,0,[],"[None, None]"
7,23,12772227059,0,0,[],"[None, None]"
7,24,11780099853,0,0,[],"[None, None]"
7,25,12607605906,0,0,[],"[None, None]"
7,26,12248565005,0,0,[],"[None, None]"
7,27,8261604036,0,0,[],"[None, None]"
7,28,8564126440,0,0,[],"[None, None]"
7,29,13109905631,0,0,[],"[None, None]"
7,30,13403837890,0,0,[],"[None, None]"
7,31,8564126435,0,0,[],"[None, None]"
7,32,6417062246,0,0,[],"[None, None]"
7,33,9083346991,0,0,[],"[None, None]"
7,34,8564126438,0,0,[],"[None, None]"
7,35,12184400264,0,0,[],"[None, None]"
7,36,8563847378,0,0,[],"[None, None]"
7,37,5227263043,0,0,[],"[None, None]"
7,38,4638394171,0,0,[],"[None, None]"
7,39,6386646511,0,0,[],"[None, None]"
7,40,5315933054,0,0,[],"[None, None]"
7,41,5232087693,0,0,[],"[None, None]"
7,42,8293663947,0,0,[],"[None, None]"
7,43,8524589575,0,0,[],"[None, None]"
7,44,2183271343,0,0,[],"[None, None]"
7,45,8311429790,0,0,[],"[None, None]"
7,46,5227839640,0,0,[],"[None, None]"
7,47,9007776007,0,0,[],"[None, None]"
7,48,1174948856,0,0,[],"[None, None]"
7,49,12798065832,0,0,[],"[None, None]"
7,50,8246704820,0,0,[],"[None, None]"
7,51,2212686561,0,0,[],"[None, None]"
7,52,5227839750,0,0,[],"[None, None]"
7,53,4084644936,0,0,[],"[None, None]"
7,54,6854581442,0,0,[],"[None, None]"
7,55,2189504431,0,0,[],"[None, None]"
7,56,3359333919,0,0,[],"[None, None]"
8,0,2896525936,0,0,[],"[None, None]"
8,1,12772227062,0,0,[],"[None, None]"
8,2,12774584141,0,0,[],"[None, None]"
8,3,12774691148,0,0,[],"[None, None]"
8,4,12774691150,0,0,[],"[None, None]"
8,5,12774691152,0,0,[],"[None, None]"
8,6,12774691153,0,0,[],"[None, None]"
8,7,12774691154,0,0,[],"[None, None]"
8,8,12772227061,0,0,[],"[None, None]"
8,9,12776127683,0,0,[],"[None, None]"
8,10,12776127686,0,0,[],"[None, None]"
8,11,12776127687,0,0,[],"[None, None]"
8,12,12776127688,0,0,[],"[None, None]"
8,13,12776127689,0,0,[],"[None, None]"
8,14,12776127690,0,0,[],"[None, None]"
8,15,12776127691,0,0,[],"[None, None]"
8,16,12777982601,0,0,[],"[None, None]"
8,17,12776127684,0,0,[],"[None, None]"
8,18,12772227060,0,0,[],"[None, None]"
8,19,12774691151,0,0,[],"[None, None]"
8,20,12772227058,0,0,[],"[None, None]"
8,21,5229674646,0,0,[],"[None, None]"
8,22,5318075316,0,0,[],"[None, None]"
8,23,12772227059,0,0,[],"[None, None]"
8,24,11780099853,0,0,[],"[None, None]"
8,25,12607605906,0,0,[],"[None, None]"
8,26,12248565005,0,0,[],"[None, None]"
8,27,8261604036,0,0,[],"[None, None]"
8,28,8564126440,0,0,[],"[None, None]"
8,29,13109905631,0,0,[],"[None, None]"
8,30,13403837890,0,0,[],"[None, None]"
8,31,8564126435,0,0,[],"[None, None]"
8,32,6417062246,0,0,[],"[None, None]"
8,33,9083346991,0,0,[],"[None, None]"
8,34,8564126438,0,0,[],"[None, None]"
8,35,12184400264,0,0,[],"[None, None]"
8,36,8563847378,0,0,[],"[None, None]"
8,37,5227263043,0,0,[],"[None, None]"
8,38,4638394171,0,0,[],"[None, None]"
8,39,6386646511,0,0,[],"[None, None]"
8,40,5315933054,0,0,[],"[None, None]"
8,41,5232087693,0,0,[],"[None, None]"
8,42,8293663947,0,0,[],"[None, None]"
8,43,8524589575,0,0,[],"[None, None]"
8,44,2183271343,0,0,[],"[None, None]"
8,45,8311429790,0,0,[],"[None, None]"
8,46,5227839640,0,0,[],"[None, None]"
8,47,9007776007,0,0,[],"[None, None]"
8,48,1174948856,0,0,[],"[None, None]"
8,49,12798065832,0,0,[],"[None, None]"
8,50,8246704820,0,0,[],"[None, None]"
8,51,2212686561,0,0,[],"[None, None]"
8,52,5227839750,0,0,[],"[None, None]"
8,53,4084644936,0,0,[],"[None, None]"
8,54,6854581442,0,0,[],"[None, None]"
8,55,2189504431,0,0,[],"[None, None]"
8,56,3359333919,0,0,[],"[None, None]"
9,0,2896525936,0,0,[],"[None, None]"
9,1,12772227062,0,0,[],"[None, None]"
9,2,12774584141,0,0,[],"[None, None]"
9,3,12774691148,0,0,[],"[None, None]"
9,4,12774691150,0,0,[],"[None, None]"
9,5,12774691152,0,0,[],"[None, None]"
9,6,12774691153,0,0,[],"[None, None]"
9,7,12774691154,0,0,[],"[None, None]"
9,8,12772227061,0,0,[],"[None, None]"
9,9,12776127683,0,0,[],"[None, None]"
9,10,12776127686,0,0,[],"[None, None]"
9,11,12776127687,0,0,[],"[None, None]"
9,12,12776127688,0,0,[],"[None, None]"
9,13,12776127689,0,0,[],"[None, None]"
9,14,12776127690,0,0,[],"[None, None]"
9,15,12776127691,0,0,[],"[None, None]"
9,16,12777982601,0,0,[],"[None, None]"
9,17,12776127684,0,0,[],"[None, None]"
9,18,12772227060,0,0,[],"[None, None]"
9,19,12774691151,0,0,[],"[None, None]"
9,20,12772227058,0,0,[],"[None, None]"
9,21,5229674646,0,0,[],"[None, None]"
9,22,5318075316,0,0,[],"[None, None]"
9,23,12772227059,0,0,[],"[None, None]"
9,24,11780099853,0,0,[],"[None, None]"
9,25,12607605906,0,0,[],"[None, None]"
9,26,12248565005,0,0,[],"[None, None]"
9,27,8261604036,0,0,[],"[None, None]"
9,28,8564126440,0,0,[],"[None, None]"
9,29,13109905631,0,0,[],"[None, None]"
9,30,13403837890,0,0,[],"[None, None]"
9,31,8564126435,0,0,[],"[None, None]"
9,32,6417062246,0,0,[],"[None, None]"
9,33,9083346991,0,0,[],"[None, None]"
9,34,8564126438,0,0,[],"[None, None]"
9,35,12184400264,0,0,[],"[None, None]"
9,36,8563847378,0,0,[],"[None, None]"
9,37,5227263043,0,0,[],"[None, None]"
9,38,4638394171,0,0,[],"[None, None]"
9,39,6386646511,0,0,[],"[None, None]"
9,40,5315933054,0,0,[],"[None, None]"
9,41,5232087693,0,0,[],"[None, None]"
9,42,8293663947,0,0,[],"[None, None]"
9,43,8524589575,0,0,[],"[None, None]"
9,44,2183271343,0,0,[],"[None, None]"
9,45,8311429790,0,0,[],"[None, None]"
9,46,5227839640,0,0,[],"[None, None]"
9,47,9007776007,0,0,[],"[None, None]"
9,48,1174948856,0,0,[],"[None, None]"
9,49,12798065832,0,0,[],"[None, None]"
9,50,8246704820,0,0,[],"[None, None]"
9,51,2212686561,0,0,[],"[None, None]"
9,52,5227839750,0,0,[],"[None, None]"
9,53,4084644936,0,0,[],"[None, None]"
9,54,6854581442,0,0,[],"[None, None]"
9,55,2189504431,0,0,[],"[None, None]"
9,56,3359333919,0,0,[],"[None, None]"
10,0,2896525936,0,0,[],"[None, None]"
10,1,12772227062,0,0,[],"[None, None]"
10,2,12774584141,0,0,[],"[None, None]"
10,3,12774691148,0,0,[],"[None, None]"
10,4,12774691150,0,0,[],"[None, None]"
10,5,12774691152,0,0,[],"[None, None]"
10,6,12774691153,0,0,[],"[None, None]"
10,7,12774691154,0,0,[],"[None, None]"
10,8,12772227061,0,0,[],"[None, None]"
10,9,12776127683,0,0,[],"[None, None]"
10,10,12776127686,0,0,[],"[None, None]"
10,11,12776127687,0,0,[],"[None, None]"
10,12,12776127688,0,0,[],"[None, None]"
10,13,12776127689,0,0,[],"[None, None]"
10,14,12776127690,0,0,[],"[None, None]"
10,15,12776127691,0,0,[],"[None, None]"
10,16,12777982601,0,0,[],"[None, None]"
10,17,12776127684,0,0,[],"[None, None]"
10,18,12772227060,0,0,[],"[None, None]"
10,19,12774691151,0,0,[],"[None, None]"
10,20,12772227058,0,0,[],"[None, None]"
10,21,5229674646,0,0,[],"[None, None]"
10,22,5318075316,0,0,[],"[None, None]"
10,23,12772227059,0,0,[],"[None, None]"
10,24,11780099853,0,0,[],"[None, None]"
10,25,12607605906,0,0,[],"[None, None]"
10,26,12248565005,0,0,[],"[None, None]"
10,27,8261604036,0,0,[],"[None, None]"
10,28,8564126440,0,0,[],"[None, None]"
10,29,13109905631,0,0,[],"[None, None]"
10,30,13403837890,0,0,[],"[None, None]"
10,31,8564126435,0,0,[],"[None, None]"
10,32,6417062246,0,0,[],"[None, None]"
10,33,9083346991,0,0,[],"[None, None]"
10,34,8564126438,0,0,[],"[None, None]"
10,35,12184400264,0,0,[],"[None, None]"
10,36,8563847378,0,0,[],"[None, None]"
10,37,5227263043,0,0,[],"[None, None]"
10,38,4638394171,0,0,[],"[None, None]"
10,39,6386646511,0,0,[],"[None, None]"
10,40,5315933054,0,0,[],"[None, None]"
10,41,5232087693,0,0,[],"[None, None]"
10,42,8293663947,0,0,[],"[None, None]"
10,43,8524589575,0,0,[],"[None, None]"
10,44,2183271343,0,0,[],"[None, None]"
10,45,8311429790,0,0,[],"[None, None]"
10,46,5227839640,0,0,[],"[None, None]"
10,47,9007776007,0,0,[],"[None, None]"
10,48,1174948856,0,0,[],"[None, None]"
10,49,12798065832,0,0,[],"[None, None]"
10,50,8246704820,0,0,[],"[None, None]"
10,51,2212686561,0,0,[],"[None, None]"
10,52,5227839750,0,0,[],"[None, None]"
10,53,4084644936,0,0,[],"[None, None]"
10,54,6854581442,0,0,[],"[None, None]"
10,55,2189504431,0,0,[],"[None, None]"
10,56,3359333919,0,0,[],"[None, None]"
11,0,2896525936,0,0,[],"[None, None]"
11,1,12772227062,0,0,[],"[None, None]"
11,2,12774584141,0,0,[],"[None, None]"
11,3,12774691148,0,0,[],"[None, None]"
11,4,12774691150,0,0,[],"[None, None]"
11,5,12774691152,0,0,[],"[None, None]"
11,6,12774691153,0,0,[],"[None, None]"
11,7,12774691154,0,0,[],"[None, None]"
11,8,12772227061,0,0,[],"[None, None]"
11,9,12776127683,0,0,[],"[None, None]"
11,10,12776127686,0,0,[],"[None, None]"
11,11,12776127687,0,0,[],"[None, None]"
11,12,12776127688,0,0,[],"[None, None]"
11,13,12776127689,0,0,[],"[None, None]"
11,14,12776127690,0,0,[],"[None, None]"
11,15,12776127691,0,0,[],"[None, None]"
11,16,12777982601,0,0,[],"[None, None]"
11,17,12776127684,0,0,[],"[None, None]"
11,18,12772227060,0,0,[],"[None, None]"
11,19,12774691151,0,0,[],"[None, None]"
11,20,12772227058,0,0,[],"[None, None]"
11,21,5229674646,0,0,[],"[None, None]"
11,22,5318075316,0,0,[],"[None, None]"
11,23,12772227059,0,0,[],"[None, None]"
11,24,11780099853,0,0,[],"[None, None]"
11,25,12607605906,0,0,[],"[None, None]"
11,26,12248565005,0,0,[],"[None, None]"
11,27,8261604036,0,0,[],"[None, None]"
11,28,8564126440,0,0,[],"[None, None]"
11,29,13109905631,0,0,[],"[None, None]"
11,30,13403837890,0,0,[],"[None, None]"
11,31,8564126435,0,0,[],"[None, None]"
11,32,6417062246,0,0,[],"[None, None]"
11,33,9083346991,0,0,[],"[None, None]"
11,34,8564126438,0,0,[],"[None, None]"
11,35,12184400264,0,0,[],"[None, None]"
11,36,8563847378,0,0,[],"[None, None]"
11,37,5227263043,0,0,[],"[None, None]"
11,38,4638394171,0,0,[],"[None, None]"
11,39,6386646511,0,0,[],"[None, None]"
11,40,5315933054,0,0,[],"[None, None]"
11,41,5232087693,0,0,[],"[None, None]"
11,42,8293663947,0,0,[],"[None, None]"
11,43,8524589575,0,0,[],"[None, None]"
11,44,2183271343,0,0,[],"[None, None]"
11,45,8311429790,0,0,[],"[None, None]"
11,46,5227839640,0,0,[],"[None, None]"
11,47,9007776007,0,0,[],"[None, None]"
11,48,1174948856,0,0,[],"[None, None]"
11,49,12798065832,0,0,[],"[None, None]"
11,50,8246704820,0,0,[],"[None, None]"
11,51,2212686561,0,0,[],"[None, None]"
11,52,5227839750,0,0,[],"[None, None]"
11,53,4084644936,0,0,[],"[None, None]"
11,54,6854581442,0,0,[],"[None, None]"
11,55,2189504431,0,0,[],"[None, None]"
11,56,3359333919,0,0,[],"[None, None]"
12,0,2896525936,0,0,[],"[None, None]"
12,1,12772227062,0,0,[],"[None, None]"
12,2,12774584141,0,0,[],"[None, None]"
12,3,12774691148,0,0,[],"[None, None]"
12,4,12774691150,0,0,[],"[None, None]"
12,5,12774691152,0,0,[],"[None, None]"
12,6,12774691153,0,0,[],"[None, None]"
12,7,12774691154,0,0,[],"[None, None]"
12,8,12772227061,0,0,[],"[None, None]"
12,9,12776127683,0,0,[],"[None, None]"
12,10,12776127686,0,0,[],"[None, None]"
12,11,12776127687,0,0,[],"[None, None]"
12,12,12776127688,0,0,[],"[None, None]"
12,13,12776127689,0,0,[],"[None, None]"
12,14,12776127690,0,0,[],"[None, None]"
12,15,12776127691,0,0,[],"[None, None]"
12,16,12777982601,0,0,[],"[None, None]"
12,17,12776127684,0,0,[],"[None, None]"
12,18,12772227060,0,0,[],"[None, None]"
12,19,12774691151,0,0,[],"[None, None]"
12,20,12772227058,0,0,[],"[None, None]"
12,21,5229674646,0,0,[],"[None, None]"
12,22,5318075316,0,0,[],"[None, None]"
12,23,12772227059,0,0,[],"[None, None]"
12,24,11780099853,0,0,[],"[None, None]"
12,25,12607605906,0,0,[],"[None, None]"
12,26,12248565005,0,0,[],"[None, None]"
12,27,8261604036,0,0,[],"[None, None]"
12,28,8564126440,0,0,[],"[None, None]"
12,29,13109905631,0,0,[],"[None, None]"
12,30,13403837890,0,0,[],"[None, None]"
12,31,8564126435,0,0,[],"[None, None]"
12,32,6417062246,0,0,[],"[None, None]"
12,33,9083346991,0,0,[],"[None, None]"
12,34,8564126438,0,0,[],"[None, None]"
12,35,12184400264,0,0,[],"[None, None]"
12,36,8563847378,0,0,[],"[None, None]"
12,37,5227263043,0,0,[],"[None, None]"
12,38,4638394171,0,0,[],"[None, None]"
12,39,6386646511,0,0,[],"[None, None]"
12,40,5315933054,0,0,[],"[None, None]"
12,41,5232087693,0,0,[],"[None, None]"
12,42,8293663947,0,0,[],"[None, None]"
12,43,8524589575,0,0,[],"[None, None]"
12,44,2183271343,0,0,[],"[None, None]"
12,45,8311429790,0,0,[],"[None, None]"
12,46,5227839640,0,0,[],"[None, None]"
12,47,9007776007,0,0,[],"[None, None]"
12,48,1174948856,0,0,[],"[None, None]"
12,49,12798065832,0,0,[],"[None, None]"
12,50,8246704820,0,0,[],"[None, None]"
12,51,2212686561,0,0,[],"[None, None]"
12,52,5227839750,0,0,[],"[None, None]"
12,53,4084644936,0,0,[],"[None, None]"
12,54,6854581442,0,0,[],"[None, None]"
12,55,2189504431,0,0,[],"[None, None]"
12,56,3359333919,0,0,[],"[None, None]"
13,0,2896525936,0,0,[],"[None, None]"
13,1,12772227062,0,0,[],"[None, None]"
13,2,12774584141,0,0,[],"[None, None]"
13,3,12774691148,0,0,[],"[None, None]"
13,4,12774691150,0,0,[],"[None, None]"
13,5,12774691152,0,0,[],"[None, None]"
13,6,12774691153,0,0,[],"[None, None]"
13,7,12774691154,0,0,[],"[None, None]"
13,8,12772227061,0,0,[],"[None, None]"
13,9,12776127683,0,0,[],"[None, None]"
13,10,12776127686,0,0,[],"[None, None]"
13,11,12776127687,0,0,[],"[None, None]"
13,12,12776127688,0,0,[],"[None, None]"
13,13,12776127689,0,0,[],"[None, None]"
13,14,12776127690,0,0,[],"[None, None]"
13,15,12776127691,0,0,[],"[None, None]"
13,16,12777982601,0,0,[],"[None, None]"
13,17,12776127684,0,0,[],"[None, None]"
13,18,12772227060,0,0,[],"[None, None]"
13,19,12774691151,0,0,[],"[None, None]"
13,20,12772227058,0,0,[],"[None, None]"
13,21,5229674646,0,0,[],"[None, None]"
13,22,5318075316,0,0,[],"[None, None]"
13,23,12772227059,0,0,[],"[None, None]"
13,24,11780099853,0,0,[],"[None, None]"
13,25,12607605906,0,0,[],"[None, None]"
13,26,12248565005,0,0,[],"[None, None]"
13,27,8261604036,0,0,[],"[None, None]"
13,28,8564126440,0,0,[],"[None, None]"
13,29,13109905631,0,0,[],"[None, None]"
13,30,13403837890,0,0,[],"[None, None]"
13,31,8564126435,0,0,[],"[None, None]"
13,32,6417062246,0,0,[],"[None, None]"
13,33,9083346991,0,0,[],"[None, None]"
13,34,8564126438,0,0,[],"[None, None]"
13,35,12184400264,0,0,[],"[None, None]"
13,36,8563847378,0,0,[],"[None, None]"
13,37,5227263043,0,0,[],"[None, None]"
13,38,4638394171,0,0,[],"[None, None]"
13,39,6386646511,0,0,[],"[None, None]"
13,40,5315933054,0,0,[],"[None, None]"
13,41,5232087693,0,0,[],"[None, None]"
13,42,8293663947,0,0,[],"[None, None]"
13,43,8524589575,0,0,[],"[None, None]"
13,44,2183271343,0,0,[],"[None, None]"
13,45,8311429790,0,0,[],"[None, None]"
13,46,5227839640,0,0,[],"[None, None]"
13,47,9007776007,0,0,[],"[None, None]"
13,48,1174948856,0,0,[],"[None, None]"
13,49,12798065832,0,0,[],"[None, None]"
13,50,8246704820,0,0,[],"[None, None]"
13,51,2212686561,0,0,[],"[None, None]"
13,52,5227839750,0,0,[],"[None, None]"
13,53,4084644936,0,0,[],"[None, None]"
13,54,6854581442,0,0,[],"[None, None]"
13,55,2189504431,0,0,[],"[None, None]"
13,56,3359333919,0,0,[],"[None, None]"
14,0,2896525936,0,0,[],"[None, None]"
14,1,12772227062,0,0,[],"[None, None]"
14,2,12774584141,0,0,[],"[None, None]"
14,3,12774691148,0,0,[],"[None, None]"
14,4,12774691150,0,0,[],"[None, None]"
14,5,12774691152,0,0,[],"[None, None]"
14,6,12774691153,0,0,[],"[None, None]"
14,7,12774691154,0,0,[],"[None, None]"
14,8,12772227061,0,0,[],"[None, None]"
14,9,12776127683,0,0,[],"[None, None]"
14,10,12776127686,0,0,[],"[None, None]"
14,11,12776127687,0,0,[],"[None, None]"
14,12,12776127688,0,0,[],"[None, None]"
14,13,12776127689,0,0,[],"[None, None]"
14,14,12776127690,0,0,[],"[None, None]"
14,15,12776127691,0,0,[],"[None, None]"
14,16,12777982601,0,0,[],"[None, None]"
14,17,12776127684,0,0,[],"[None, None]"
14,18,12772227060,0,0,[],"[None, None]"
14,19,12774691151,0,0,[],"[None, None]"
14,20,12772227058,0,0,[],"[None, None]"
14,21,5229674646,0,0,[],"[None, None]"
14,22,5318075316,0,0,[],"[None, None]"
14,23,12772227059,0,0,[],"[None, None]"
14,24,11780099853,0,0,[],"[None, None]"
14,25,12607605906,0,0,[],"[None, None]"
14,26,12248565005,0,0,[],"[None, None]"
14,27,8261604036,0,0,[],"[None, None]"
14,28,8564126440,0,0,[],"[None, None]"
14,29,13109905631,0,0,[],"[None, None]"
14,30,13403837890,0,0,[],"[None, None]"
14,31,8564126435,0,0,[],"[None, None]"
14,32,6417062246,0,0,[],"[None, None]"
14,33,9083346991,0,0,[],"[None, None]"
14,34,8564126438,0,0,[],"[None, None]"
14,35,12184400264,0,0,[],"[None, None]"
14,36,8563847378,0,0,[],"[None, None]"
14,37,5227263043,0,0,[],"[None, None]"
14,38,4638394171,0,0,[],"[None, None]"
14,39,6386646511,0,0,[],"[None, None]"
14,40,5315933054,0,0,[],"[None, None]"
14,41,5232087693,0,0,[],"[None, None]"
14,42,8293663947,0,0,[],"[None, None]"
14,43,8524589575,0,0,[],"[None, None]"
14,44,2183271343,0,0,[],"[None, None]"
14,45,8311429790,0,0,[],"[None, None]"
14,46,5227839640,0,0,[],"[None, None]"
14,47,9007776007,0,0,[],"[None, None]"
14,48,1174948856,0,0,[],"[None, None]"
14,49,12798065832,0,0,[],"[None, None]"
14,50,8246704820,0,0,[],"[None, None]"
14,51,2212686561,0,0,[],"[None, None]"
14,52,5227839750,0,0,[],"[None, None]"
14,53,4084644936,0,0,[],"[None, None]"
14,54,6854581442,0,0,[],"[None, None]"
14,55,2189504431,0,0,[],"[None, None]"
14,56,3359333919,0,0,[],"[None, None]"
15,0,2896525936,0,0,[],"[None, None]"
15,1,12772227062,0,0,[],"[None, None]"
15,2,12774584141,0,0,[],"[None, None]"
15,3,12774691148,0,0,[],"[None, None]"
15,4,12774691150,0,0,[],"[None, None]"
15,5,12774691152,0,0,[],"[None, None]"
15,6,12774691153,0,0,[],"[None, None]"
15,7,12774691154,0,0,[],"[None, None]"
15,8,12772227061,0,0,[],"[None, None]"
15,9,12776127683,0,0,[],"[None, None]"
15,10,12776127686,0,0,[],"[None, None]"
15,11,12776127687,0,0,[],"[None, None]"
15,12,12776127688,0,0,[],"[None, None]"
15,13,12776127689,0,0,[],"[None, None]"
15,14,12776127690,0,0,[],"[None, None]"
15,15,12776127691,0,0,[],"[None, None]"
15,16,12777982601,0,0,[],"[None, None]"
15,17,12776127684,0,0,[],"[None, None]"
15,18,12772227060,0,0,[],"[None, None]"
15,19,12774691151,0,0,[],"[None, None]"
15,20,12772227058,0,0,[],"[None, None]"
15,21,5229674646,0,0,[],"[None, None]"
15,22,5318075316,0,0,[],"[None, None]"
15,23,12772227059,0,0,[],"[None, None]"
15,24,11780099853,0,0,[],"[None, None]"
15,25,12607605906,0,0,[],"[None, None]"
15,26,12248565005,0,0,[],"[None, None]"
15,27,8261604036,0,0,[],"[None, None]"
15,28,8564126440,0,0,[],"[None, None]"
15,29,13109905631,0,0,[],"[None, None]"
15,30,13403837890,0,0,[],"[None, None]"
15,31,8564126435,0,0,[],"[None, None]"
15,32,6417062246,0,0,[],"[None, None]"
15,33,9083346991,0,0,[],"[None, None]"
15,34,8564126438,0,0,[],"[None, None]"
15,35,12184400264,0,0,[],"[None, None]"
15,36,8563847378,0,0,[],"[None, None]"
15,37,5227263043,0,0,[],"[None, None]"
15,38,4638394171,0,0,[],"[None, None]"
15,39,6386646511,0,0,[],"[None, None]"
15,40,5315933054,0,0,[],"[None, None]"
15,41,5232087693,0,0,[],"[None, None]"
15,42,8293663947,0,0,[],"[None, None]"
15,43,8524589575,0,0,[],"[None, None]"
15,44,2183271343,0,0,[],"[None, None]"
15,45,8311429790,0,0,[],"[None, None]"
15,46,5227839640,0,0,[],"[None, None]"
15,47,9007776007,0,0,[],"[None, None]"
15,48,1174948856,0,0,[],"[None, None]"
15,49,12798065832,0,0,[],"[None, None]"
15,50,8246704820,0,0,[],"[None, None]"
15,51,2212686561,0,0,[],"[None, None]"
15,52,5227839750,0,0,[],"[None, None]"
15,53,4084644936,0,0,[],"[None, None]"
15,54,6854581442,0,0,[],"[None, None]"
15,55,2189504431,0,0,[],"[None, None]"
15,56,3359333919,0,0,[],"[None, None]"
16,0,2896525936,0,0,[],"[None, None]"
16,1,12772227062,0,0,[],"[None, None]"
16,2,12774584141,0,0,[],"[None, None]"
16,3,12774691148,0,0,[],"[None, None]"
16,4,12774691150,0,0,[],"[None, None]"
16,5,12774691152,0,0,[],"[None, None]"
16,6,12774691153,0,0,[],"[None, None]"
16,7,12774691154,0,0,[],"[None, None]"
16,8,12772227061,0,0,[],"[None, None]"
16,9,12776127683,0,0,[],"[None, None]"
16,10,12776127686,0,0,[],"[None, None]"
16,11,12776127687,0,0,[],"[None, None]"
16,12,12776127688,0,0,[],"[None, None]"
16,13,12776127689,0,0,[],"[None, None]"
16,14,12776127690,0,0,[],"[None, None]"
16,15,12776127691,0,0,[],"[None, None]"
16,16,12777982601,0,0,[],"[None, None]"
16,17,12776127684,0,0,[],"[None, None]"
16,18,12772227060,0,0,[],"[None, None]"
16,19,12774691151,0,0,[],"[None, None]"
16,20,12772227058,0,0,[],"[None, None]"
16,21,5229674646,0,0,[],"[None, None]"
16,22,5318075316,0,0,[],"[None, None]"
16,23,12772227059,0,0,[],"[None, None]"
16,24,11780099853,0,0,[],"[None, None]"
16,25,12607605906,0,0,[],"[None, None]"
16,26,12248565005,0,0,[],"[None, None]"
16,27,8261604036,0,0,[],"[None, None]"
16,28,8564126440,0,0,[],"[None, None]"
16,29,13109905631,0,0,[],"[None, None]"
16,30,13403837890,0,0,[],"[None, None]"
16,31,8564126435,0,0,[],"[None, None]"
16,32,6417062246,0,0,[],"[None, None]"
16,33,9083346991,0,0,[],"[None, None]"
16,34,8564126438,0,0,[],"[None, None]"
16,35,12184400264,0,0,[],"[None, None]"
16,36,8563847378,0,0,[],"[None, None]"
16,37,5227263043,0,0,[],"[None, None]"
16,38,4638394171,0,0,[],"[None, None]"
16,39,6386646511,0,0,[],"[None, None]"
16,40,5315933054,0,0,[],"[None, None]"
16,41,5232087693,0,0,[],"[None, None]"
16,42,8293663947,0,0,[],"[None, None]"
16,43,8524589575,0,0,[],"[None, None]"
16,44,2183271343,0,0,[],"[None, None]"
16,45,8311429790,0,0,[],"[None, None]"
16,46,5227839640,0,0,[],"[None, None]"
16,47,9007776007,0,0,[],"[None, None]"
16,48,1174948856,0,0,[],"[None, None]"
16,49,12798065832,0,0,[],"[None, None]"
16,50,8246704820,0,0,[],"[None, None]"
16,51,2212686561,0,0,[],"[None, None]"
16,52,5227839750,0,0,[],"[None, None]"
16,53,4084644936,0,0,[],"[None, None]"
16,54,6854581442,0,0,[],"[None, None]"
16,55,2189504431,0,0,[],"[None, None]"
16,56,3359333919,0,0,[],"[None, None]"
17,0,2896525936,0,0,[],"[None, None]"
17,1,12772227062,0,0,[],"[None, None]"
17,2,12774584141,0,0,[],"[None, None]"
17,3,12774691148,0,0,[],"[None, None]"
17,4,12774691150,0,0,[],"[None, None]"
17,5,12774691152,0,0,[],"[None, None]"
17,6,12774691153,0,0,[],"[None, None]"
17,7,12774691154,0,0,[],"[None, None]"
17,8,12772227061,0,0,[],"[None, None]"
17,9,12776127683,0,0,[],"[None, None]"
17,10,12776127686,0,0,[],"[None, None]"
17,11,12776127687,0,0,[],"[None, None]"
17,12,12776127688,0,0,[],"[None, None]"
17,13,12776127689,0,0,[],"[None, None]"
17,14,12776127690,0,0,[],"[None, None]"
17,15,12776127691,0,0,[],"[None, None]"
17,16,12777982601,0,0,[],"[None, None]"
17,17,12776127684,0,0,[],"[None, None]"
17,18,12772227060,0,0,[],"[None, None]"
17,19,12774691151,0,0,[],"[None, None]"
17,20,12772227058,0,0,[],"[None, None]"
17,21,5229674646,0,0,[],"[None, None]"
17,22,5318075316,0,0,[],"[None, None]"
17,23,12772227059,0,0,[],"[None, None]"
17,24,11780099853,0,0,[],"[None, None]"
17,25,12607605906,0,0,[],"[None, None]"
17,26,12248565005,0,0,[],"[None, None]"
17,27,8261604036,0,0,[],"[None, None]"
17,28,8564126440,0,0,[],"[None, None]"
17,29,13109905631,0,0,[],"[None, None]"
17,30,13403837890,0,0,[],"[None, None]"
17,31,8564126435,0,0,[],"[None, None]"
17,32,6417062246,0,0,[],"[None, None]"
17,33,9083346991,0,0,[],"[None, None]"
17,34,8564126438,0,0,[],"[None, None]"
17,35,12184400264,0,0,[],"[None, None]"
17,36,8563847378,0,0,[],"[None, None]"
17,37,5227263043,0,0,[],"[None, None]"
17,38,4638394171,0,0,[],"[None, None]"
17,39,6386646511,0,0,[],"[None, None]"
17,40,5315933054,0,0,[],"[None, None]"
17,41,5232087693,0,0,[],"[None, None]"
17,42,8293663947,0,0,[],"[None, None]"
17,43,8524589575,0,0,[],"[None, None]"
17,44,2183271343,0,0,[],"[None, None]"
17,45,8311429790,0,0,[],"[None, None]"
17,46,5227839640,0,0,[],"[None, None]"
17,47,9007776007,0,0,[],"[None, None]"
17,48,1174948856,0,0,[],"[None, None]"
17,49,12798065832,0,0,[],"[None, None]"
17,50,8246704820,0,0,[],"[None, None]"
17,51,2212686561,0,0,[],"[None, None]"
17,52,5227839750,0,0,[],"[None, None]"
17,53,4084644936,0,0,[],"[None, None]"
17,54,6854581442,0,0,[],"[None, None]"
17,55,2189504431,0,0,[],"[None, None]"
17,56,3359333919,0,0,[],"[None, None]"
18,0,2896525936,0,0,[],"[None, None]"
18,1,12772227062,0,0,[],"[None, None]"
18,2,12774584141,0,0,[],"[None, None]"
18,3,12774691148,0,0,[],"[None, None]"
18,4,12774691150,0,0,[],"[None, None]"
18,5,12774691152,0,0,[],"[None, None]"
18,6,12774691153,0,0,[],"[None, None]"
18,7,12774691154,0,0,[],"[None, None]"
18,8,12772227061,0,0,[],"[None, None]"
18,9,12776127683,0,0,[],"[None, None]"
18,10,12776127686,0,0,[],"[None, None]"
18,11,12776127687,0,0,[],"[None, None]"
18,12,12776127688,0,0,[],"[None, None]"
18,13,12776127689,0,0,[],"[None, None]"
18,14,12776127690,0,0,[],"[None, None]"
18,15,12776127691,0,0,[],"[None, None]"
18,16,12777982601,0,0,[],"[None, None]"
18,17,12776127684,0,0,[],"[None, None]"
18,18,12772227060,0,0,[],"[None, None]"
18,19,12774691151,0,0,[],"[None, None]"
18,20,12772227058,0,0,[],"[None, None]"
18,21,5229674646,0,0,[],"[None, None]"
18,22,5318075316,0,0,[],"[None, None]"
18,23,12772227059,0,0,[],"[None, None]"
18,24,11780099853,0,0,[],"[None, None]"
18,25,12607605906,0,0,[],"[None, None]"
18,26,12248565005,0,0,[],"[None, None]"
18,27,8261604036,0,0,[],"[None, None]"
18,28,8564126440,0,0,[],"[None, None]"
18,29,13109905631,0,0,[],"[None, None]"
18,30,13403837890,0,0,[],"[None, None]"
18,31,8564126435,0,0,[],"[None, None]"
18,32,6417062246,0,0,[],"[None, None]"
18,33,9083346991,0,0,[],"[None, None]"
18,34,8564126438,0,0,[],"[None, None]"
18,35,12184400264,0,0,[],"[None, None]"
18,36,8563847378,0,0,[],"[None, None]"
18,37,5227263043,0,0,[],"[None, None]"
18,38,4638394171,0,0,[],"[None, None]"
18,39,6386646511,0,0,[],"[None, None]"
18,40,5315933054,0,0,[],"[None, None]"
18,41,5232087693,0,0,[],"[None, None]"
18,42,8293663947,0,0,[],"[None, None]"
18,43,8524589575,0,0,[],"[None, None]"
18,44,2183271343,0,0,[],"[None, None]"
18,45,8311429790,0,0,[],"[None, None]"
18,46,5227839640,0,0,[],"[None, None]"
18,47,9007776007,0,0,[],"[None, None]"
18,48,1174948856,0,0,[],"[None, None]"
18,49,12798065832,0,0,[],"[None, None]"
18,50,8246704820,0,0,[],"[None, None]"
18,51,2212686561,0,0,[],"[None, None]"
18,52,5227839750,0,0,[],"[None, None]"
18,53,4084644936,0,0,[],"[None, None]"
18,54,6854581442,0,0,[],"[None, None]"
18,55,2189504431,0,0,[],"[None, None]"
18,56,3359333919,0,0,[],"[None, None]"
19,0,2896525936,0,0,[],"[None, None]"
19,1,12772227062,0,0,[],"[None, None]"
19,2,12774584141,0,0,[],"[None, None]"
19,3,12774691148,0,0,[],"[None, None]"
19,4,12774691150,0,0,[],"[None, None]"
19,5,12774691152,0,0,[],"[None, None]"
19,6,12774691153,0,0,[],"[None, None]"
19,7,12774691154,0,0,[],"[None, None]"
19,8,12772227061,0,0,[],"[None, None]"
19,9,12776127683,0,0,[],"[None, None]"
19,10,12776127686,0,0,[],"[None, None]"
19,11,12776127687,0,0,[],"[None, None]"
19,12,12776127688,0,0,[],"[None, None]"
19,13,12776127689,0,0,[],"[None, None]"
19,14,12776127690,0,0,[],"[None, None]"
19,15,12776127691,0,0,[],"[None, None]"
19,16,12777982601,0,0,[],"[None, None]"
19,17,12776127684,0,0,[],"[None, None]"
19,18,12772227060,0,0,[],"[None, None]"
19,19,12774691151,0,0,[],"[None, None]"
19,20,12772227058,0,0,[],"[None, None]"
19,21,5229674646,0,0,[],"[None, None]"
19,22,5318075316,0,0,[],"[None, None]"
19,23,12772227059,0,0,[],"[None, None]"
19,24,11780099853,0,0,[],"[None, None]"
19,25,12607605906,0,0,[],"[None, None]"
19,26,12248565005,0,0,[],"[None, None]"
19,27,8261604036,0,0,[],"[None, None]"
19,28,8564126440,0,0,[],"[None, None]"
19,29,13109905631,0,0,[],"[None, None]"
19,30,13403837890,0,0,[],"[None, None]"
19,31,8564126435,0,0,[],"[None, None]"
19,32,6417062246,0,0,[],"[None, None]"
19,33,9083346991,0,0,[],"[None, None]"
19,34,8564126438,0,0,[],"[None, None]"
19,35,12184400264,0,0,[],"[None, None]"
19,36,8563847378,0,0,[],"[None, None]"
19,37,5227263043,0,0,[],"[None, None]"
19,38,4638394171,0,0,[],"[None, None]"
19,39,6386646511,0,0,[],"[None, None]"
19,40,5315933054,0,0,[],"[None, None]"
19,41,5232087693,0,0,[],"[None, None]"
19,42,8293663947,0,0,[],"[None, None]"
19,43,8524589575,0,0,[],"[None, None]"
19,44,2183271343,0,0,[],"[None, None]"
19,45,8311429790,0,0,[],"[None, None]"
19,46,5227839640,0,0,[],"[None, None]"
19,47,9007776007,0,0,[],"[None, None]"
19,48,1174948856,0,0,[],"[None, None]"
19,49,12798065832,0,0,[],"[None, None]"
19,50,8246704820,0,0,[],"[None, None]"
19,51,2212686561,0,0,[],"[None, None]"
19,52,5227839750,0,0,[],"[None, None]"
19,53,4084644936,0,0,[],"[None, None]"
19,54,6854581442,0,0,[],"[None, None]"
19,55,2189504431,0,0,[],"[None, None]"
19,56,3359333919,0,0,[],"[None, None]"
20,0,2896525936,0,0,[],"[None, None]"
20,1,12772227062,0,0,[],"[None, None]"
20,2,12774584141,0,0,[],"[None, None]"
20,3,12774691148,0,0,[],"[None, None]"
20,4,12774691150,0,0,[],"[None, None]"
20,5,12774691152,0,0,[],"[None, None]"
20,6,12774691153,0,0,[],"[None, None]"
20,7,12774691154,0,0,[],"[None, None]"
20,8,12772227061,0,0,[],"[None, None]"
20,9,12776127683,0,0,[],"[None, None]"
20,10,12776127686,0,0,[],"[None, None]"
20,11,12776127687,0,0,[],"[None, None]"
20,12,12776127688,0,0,[],"[None, None]"
20,13,12776127689,0,0,[],"[None, None]"
20,14,12776127690,0,0,[],"[None, None]"
20,15,12776127691,0,0,[],"[None, None]"
20,16,12777982601,0,0,[],"[None, None]"
20,17,12776127684,0,0,[],"[None, None]"
20,18,12772227060,0,0,[],"[None, None]"
20,19,12774691151,0,0,[],"[None, None]"
20,20,12772227058,0,0,[],"[None, None]"
20,21,5229674646,0,0,[],"[None, None]"
20,22,5318075316,0,0,[],"[None, None]"
20,23,12772227059,0,0,[],"[None, None]"
20,24,11780099853,0,0,[],"[None, None]"
20,25,12607605906,0,0,[],"[None, None]"
20,26,12248565005,0,0,[],"[None, None]"
20,27,8261604036,0,0,[],"[None, None]"
20,28,8564126440,0,0,[],"[None, None]"
20,29,13109905631,0,0,[],"[None, None]"
20,30,13403837890,0,0,[],"[None, None]"
20,31,8564126435,0,0,[],"[None, None]"
20,32,6417062246,0,0,[],"[None, None]"
20,33,9083346991,0,0,[],"[None, None]"
20,34,8564126438,0,0,[],"[None, None]"
20,35,12184400264,0,0,[],"[None, None]"
20,36,8563847378,0,0,[],"[None, None]"
20,37,5227263043,0,0,[],"[None, None]"
20,38,4638394171,0,0,[],"[None, None]"
20,39,6386646511,0,0,[],"[None, None]"
20,40,5315933054,0,0,[],"[None, None]"
20,41,5232087693,0,0,[],"[None, None]"
20,42,8293663947,0,0,[],"[None, None]"
20,43,8524589575,0,0,[],"[None, None]"
20,44,2183271343,0,0,[],"[None, None]"
20,45,8311429790,0,0,[],"[None, None]"
20,46,5227839640,0,0,[],"[None, None]"
20,47,9007776007,0,0,[],"[None, None]"
20,48,1174948856,0,0,[],"[None, None]"
20,49,12798065832,0,0,[],"[None, None]"
20,50,8246704820,0,0,[],"[None, None]"
20,51,2212686561,0,0,[],"[None, None]"
20,52,5227839750,0,0,[],"[None, None]"
20,53,4084644936,0,0,[],"[None, None]"
20,54,6854581442,0,0,[],"[None, None]"
20,55,2189504431,0,0,[],"[None, None]"
20,56,3359333919,0,0,[],"[None, None]"
21,0,2896525936,0,0,[],"[None, None]"
21,1,12772227062,0,0,[],"[None, None]"
21,2,12774584141,0,0,[],"[None, None]"
21,3,12774691148,0,0,[],"[None, None]"
21,4,12774691150,0,0,[],"[None, None]"
21,5,12774691152,0,0,[],"[None, None]"
21,6,12774691153,0,0,[],"[None, None]"
21,7,12774691154,0,0,[],"[None, None]"
21,8,12772227061,0,0,[],"[None, None]"
21,9,12776127683,0,0,[],"[None, None]"
21,10,12776127686,0,0,[],"[None, None]"
21,11,12776127687,0,0,[],"[None, None]"
21,12,12776127688,0,0,[],"[None, None]"
21,13,12776127689,0,0,[],"[None, None]"
21,14,12776127690,0,0,[],"[None, None]"
21,15,12776127691,0,0,[],"[None, None]"
21,16,12777982601,0,0,[],"[None, None]"
21,17,12776127684,0,0,[],"[None, None]"
21,18,12772227060,0,0,[],"[None, None]"
21,19,12774691151,0,0,[],"[None, None]"
21,20,12772227058,0,0,[],"[None, None]"
21,21,5229674646,0,0,[],"[None, None]"
21,22,5318075316,0,0,[],"[None, None]"
21,23,12772227059,0,0,[],"[None, None]"
21,24,11780099853,0,0,[],"[None, None]"
21,25,12607605906,0,0,[],"[None, None]"
21,26,12248565005,0,0,[],"[None, None]"
21,27,8261604036,0,0,[],"[None, None]"
21,28,8564126440,0,0,[],"[None, None]"
21,29,13109905631,0,0,[],"[None, None]"
21,30,13403837890,0,0,[],"[None, None]"
21,31,8564126435,0,0,[],"[None, None]"
21,32,6417062246,0,0,[],"[None, None]"
21,33,9083346991,0,0,[],"[None, None]"
21,34,8564126438,0,0,[],"[None, None]"
21,35,12184400264,0,0,[],"[None, None]"
21,36,8563847378,0,0,[],"[None, None]"
21,37,5227263043,0,0,[],"[None, None]"
21,38,4638394171,0,0,[],"[None, None]"
21,39,6386646511,0,0,[],"[None, None]"
21,40,5315933054,0,0,[],"[None, None]"
21,41,5232087693,0,0,[],"[None, None]"
21,42,8293663947,0,0,[],"[None, None]"
21,43,8524589575,0,0,[],"[None, None]"
21,44,2183271343,0,0,[],"[None, None]"
21,45,8311429790,0,0,[],"[None, None]"
21,46,5227839640,0,0,[],"[None, None]"
21,47,9007776007,0,0,[],"[None, None]"
21,48,1174948856,0,0,[],"[None, None]"
21,49,12798065832,0,0,[],"[None, None]"
21,50,8246704820,0,0,[],"[None, None]"
21,51,2212686561,0,0,[],"[None, None]"
21,52,5227839750,0,0,[],"[None, None]"
21,53,4084644936,0,0,[],"[None, None]"
21,54,6854581442,0,0,[],"[None, None]"
21,55,2189504431,0,0,[],"[None, None]"
21,56,3359333919,0,0,[],"[None, None]"
22,0,2896525936,0,0,[],"[None, None]"
22,1,12772227062,0,0,[],"[None, None]"
22,2,12774584141,0,0,[],"[None, None]"
22,3,12774691148,0,0,[],"[None, None]"
22,4,12774691150,0,0,[],"[None, None]"
22,5,12774691152,0,0,[],"[None, None]"
22,6,12774691153,0,0,[],"[None, None]"
22,7,12774691154,0,0,[],"[None, None]"
22,8,12772227061,0,0,[],"[None, None]"
22,9,12776127683,0,0,[],"[None, None]"
22,10,12776127686,0,0,[],"[None, None]"
22,11,12776127687,0,0,[],"[None, None]"
22,12,12776127688,0,0,[],"[None, None]"
22,13,12776127689,0,0,[],"[None, None]"
22,14,12776127690,0,0,[],"[None, None]"
22,15,12776127691,0,0,[],"[None, None]"
22,16,12777982601,0,0,[],"[None, None]"
22,17,12776127684,0,0,[],"[None, None]"
22,18,12772227060,0,0,[],"[None, None]"
22,19,12774691151,0,0,[],"[None, None]"
22,20,12772227058,0,0,[],"[None, None]"
22,21,5229674646,0,0,[],"[None, None]"
22,22,5318075316,0,0,[],"[None, None]"
22,23,12772227059,0,0,[],"[None, None]"
22,24,11780099853,0,0,[],"[None, None]"
22,25,12607605906,0,0,[],"[None, None]"
22,26,12248565005,0,0,[],"[None, None]"
22,27,8261604036,0,0,[],"[None, None]"
22,28,8564126440,0,0,[],"[None, None]"
22,29,13109905631,0,0,[],"[None, None]"
22,30,13403837890,0,0,[],"[None, None]"
22,31,8564126435,0,0,[],"[None, None]"
22,32,6417062246,0,0,[],"[None, None]"
22,33,9083346991,0,0,[],"[None, None]"
22,34,8564126438,0,0,[],"[None, None]"
22,35,12184400264,0,0,[],"[None, None]"
22,36,8563847378,0,0,[],"[None, None]"
22,37,5227263043,0,0,[],"[None, None]"
22,38,4638394171,0,0,[],"[None, None]"
22,39,6386646511,0,0,[],"[None, None]"
22,40,5315933054,0,0,[],"[None, None]"
22,41,5232087693,0,0,[],"[None, None]"
22,42,8293663947,0,0,[],"[None, None]"
22,43,8524589575,0,0,[],"[None, None]"
22,44,2183271343,0,0,[],"[None, None]"
22,45,8311429790,0,0,[],"[None, None]"
22,46,5227839640,0,0,[],"[None, None]"
22,47,9007776007,0,0,[],"[None, None]"
22,48,1174948856,0,0,[],"[None, None]"
22,49,12798065832,0,0,[],"[None, None]"
22,50,8246704820,0,0,[],"[None, None]"
22,51,2212686561,0,0,[],"[None, None]"
22,52,5227839750,0,0,[],"[None, None]"
22,53,4084644936,0,0,[],"[None, None]"
22,54,6854581442,0,0,[],"[None, None]"
22,55,2189504431,0,0,[],"[None, None]"
22,56,3359333919,0,0,[],"[None, None]"
23,0,2896525936,0,0,[],"[None, None]"
23,1,12772227062,0,0,[],"[None, None]"
23,2,12774584141,0,0,[],"[None, None]"
23,3,12774691148,0,0,[],"[None, None]"
23,4,12774691150,0,0,[],"[None, None]"
23,5,12774691152,0,0,[],"[None, None]"
23,6,12774691153,0,0,[],"[None, None]"
23,7,12774691154,0,0,[],"[None, None]"
23,8,12772227061,0,0,[],"[None, None]"
23,9,12776127683,0,0,[],"[None, None]"
23,10,12776127686,0,0,[],"[None, None]"
23,11,12776127687,0,0,[],"[None, None]"
23,12,12776127688,0,0,[],"[None, None]"
23,13,12776127689,0,0,[],"[None, None]"
23,14,12776127690,0,0,[],"[None, None]"
23,15,12776127691,0,0,[],"[None, None]"
23,16,12777982601,0,0,[],"[None, None]"
23,17,12776127684,0,0,[],"[None, None]"
23,18,12772227060,0,0,[],"[None, None]"
23,19,12774691151,0,0,[],"[None, None]"
23,20,12772227058,0,0,[],"[None, None]"
23,21,5229674646,0,0,[],"[None, None]"
23,22,5318075316,0,0,[],"[None, None]"
23,23,12772227059,0,0,[],"[None, None]"
23,24,11780099853,0,0,[],"[None, None]"
23,25,12607605906,0,0,[],"[None, None]"
23,26,12248565005,0,0,[],"[None, None]"
23,27,8261604036,0,0,[],"[None, None]"
23,28,8564126440,0,0,[],"[None, None]"
23,29,13109905631,0,0,[],"[None, None]"
23,30,13403837890,0,0,[],"[None, None]"
23,31,8564126435,0,0,[],"[None, None]"
23,32,6417062246,0,0,[],"[None, None]"
23,33,9083346991,0,0,[],"[None, None]"
23,34,8564126438,0,0,[],"[None, None]"
23,35,12184400264,0,0,[],"[None, None]"
23,36,8563847378,0,0,[],"[None, None]"
23,37,5227263043,0,0,[],"[None, None]"
23,38,4638394171,0,0,[],"[None, None]"
23,39,6386646511,0,0,[],"[None, None]"
23,40,5315933054,0,0,[],"[None, None]"
23,41,5232087693,0,0,[],"[None, None]"
23,42,8293663947,0,0,[],"[None, None]"
23,43,8524589575,0,0,[],"[None, None]"
23,44,2183271343,0,0,[],"[None, None]"
23,45,8311429790,0,0,[],"[None, None]"
23,46,5227839640,0,0,[],"[None, None]"
23,47,9007776007,0,0,[],"[None, None]"
23,48,1174948856,0,0,[],"[None, None]"
23,49,12798065832,0,0,[],"[None, None]"
23,50,8246704820,0,0,[],"[None, None]"
23,51,2212686561,0,0,[],"[None, None]"
23,52,5227839750,0,0,[],"[None, None]"
23,53,4084644936,0,0,[],"[None, None]"
23,54,6854581442,0,0,[],"[None, None]"
23,55,2189504431,0,0,[],"[None, None]"
23,56,3359333919,0,0,[],"[None, None]"
24,0,2896525936,0,0,[],"[None, None]"
24,1,12772227062,0,0,[],"[None, None]"
24,2,12774584141,0,0,[],"[None, None]"
24,3,12774691148,0,0,[],"[None, None]"
24,4,12774691150,0,0,[],"[None, None]"
24,5,12774691152,0,0,[],"[None, None]"
24,6,12774691153,0,0,[],"[None, None]"
24,7,12774691154,0,0,[],"[None, None]"
24,8,12772227061,0,0,[],"[None, None]"
24,9,12776127683,0,0,[],"[None, None]"
24,10,12776127686,0,0,[],"[None, None]"
24,11,12776127687,0,0,[],"[None, None]"
24,12,12776127688,0,0,[],"[None, None]"
24,13,12776127689,0,0,[],"[None, None]"
24,14,12776127690,0,0,[],"[None, None]"
24,15,12776127691,0,0,[],"[None, None]"
24,16,12777982601,0,0,[],"[None, None]"
24,17,12776127684,0,0,[],"[None, None]"
24,18,12772227060,0,0,[],"[None, None]"
24,19,12774691151,0,0,[],"[None, None]"
24,20,12772227058,0,0,[],"[None, None]"
24,21,5229674646,0,0,[],"[None, None]"
24,22,5318075316,0,0,[],"[None, None]"
24,23,12772227059,0,0,[],"[None, None]"
24,24,11780099853,0,0,[],"[None, None]"
24,25,12607605906,0,0,[],"[None, None]"
24,26,12248565005,0,0,[],"[None, None]"
24,27,8261604036,0,0,[],"[None, None]"
24,28,8564126440,0,0,[],"[None, None]"
24,29,13109905631,0,0,[],"[None, None]"
24,30,13403837890,0,0,[],"[None, None]"
24,31,8564126435,0,0,[],"[None, None]"
24,32,6417062246,0,0,[],"[None, None]"
24,33,9083346991,0,0,[],"[None, None]"
24,34,8564126438,0,0,[],"[None, None]"
24,35,12184400264,0,0,[],"[None, None]"
24,36,8563847378,0,0,[],"[None, None]"
24,37,5227263043,0,0,[],"[None, None]"
24,38,4638394171,0,0,[],"[None, None]"
24,39,6386646511,0,0,[],"[None, None]"
24,40,5315933054,0,0,[],"[None, None]"
24,41,5232087693,0,0,[],"[None, None]"
24,42,8293663947,0,0,[],"[None, None]"
24,43,8524589575,0,0,[],"[None, None]"
24,44,2183271343,0,0,[],"[None, None]"
24,45,8311429790,0,0,[],"[None, None]"
24,46,5227839640,0,0,[],"[None, None]"
24,47,9007776007,0,0,[],"[None, None]"
24,48,1174948856,0,0,[],"[None, None]"
24,49,12798065832,0,0,[],"[None, None]"
24,50,8246704820,0,0,[],"[None, None]"
24,51,2212686561,0,0,[],"[None, None]"
24,52,5227839750,0,0,[],"[None, None]"
24,53,4084644936,0,0,[],"[None, None]"
24,54,6854581442,0,0,[],"[None, None]"
24,55,2189504431,0,0,[],"[None, None]"
24,56,3359333919,0,0,[],"[None, None]"
25,0,2896525936,0,0,[],"[None, None]"
25,1,12772227062,0,0,[],"[None, None]"
25,2,12774584141,0,0,[],"[None, None]"
25,3,12774691148,0,0,[],"[None, None]"
25,4,12774691150,0,0,[],"[None, None]"
25,5,12774691152,0,0,[],"[None, None]"
25,6,12774691153,0,0,[],"[None, None]"
25,7,12774691154,0,0,[],"[None, None]"
25,8,12772227061,0,0,[],"[None, None]"
25,9,12776127683,0,0,[],"[None, None]"
25,10,12776127686,0,0,[],"[None, None]"
25,11,12776127687,0,0,[],"[None, None]"
25,12,12776127688,0,0,[],"[None, None]"
25,13,12776127689,0,0,[],"[None, None]"
25,14,12776127690,0,0,[],"[None, None]"
25,15,12776127691,0,0,[],"[None, None]"
25,16,12777982601,0,0,[],"[None, None]"
25,17,12776127684,0,0,[],"[None, None]"
25,18,12772227060,0,0,[],"[None, None]"
25,19,12774691151,0,0,[],"[None, None]"
25,20,12772227058,0,0,[],"[None, None]"
25,21,5229674646,0,0,[],"[None, None]"
25,22,5318075316,0,0,[],"[None, None]"
25,23,12772227059,0,0,[],"[None, None]"
25,24,11780099853,0,0,[],"[None, None]"
25,25,12607605906,0,0,[],"[None, None]"
25,26,12248565005,0,0,[],"[None, None]"
25,27,8261604036,0,0,[],"[None, None]"
25,28,8564126440,0,0,[],"[None, None]"
25,29,13109905631,0,0,[],"[None, None]"
25,30,13403837890,0,0,[],"[None, None]"
25,31,8564126435,0,0,[],"[None, None]"
25,32,6417062246,0,0,[],"[None, None]"
25,33,9083346991,0,0,[],"[None, None]"
25,34,8564126438,0,0,[],"[None, None]"
25,35,12184400264,0,0,[],"[None, None]"
25,36,8563847378,0,0,[],"[None, None]"
25,37,5227263043,0,0,[],"[None, None]"
25,38,4638394171,0,0,[],"[None, None]"
25,39,6386646511,0,0,[],"[None, None]"
25,40,5315933054,0,0,[],"[None, None]"
25,41,5232087693,0,0,[],"[None, None]"
25,42,8293663947,0,0,[],"[None, None]"
25,43,8524589575,0,0,[],"[None, None]"
25,44,2183271343,0,0,[],"[None, None]"
25,45,8311429790,0,0,[],"[None, None]"
25,46,5227839640,0,0,[],"[None, None]"
25,47,9007776007,0,0,[],"[None, None]"
25,48,1174948856,0,0,[],"[None, None]"
25,49,12798065832,0,0,[],"[None, None]"
25,50,8246704820,0,0,[],"[None, None]"
25,51,2212686561,0,0,[],"[None, None]"
25,52,5227839750,0,0,[],"[None, None]"
25,53,4084644936,0,0,[],"[None, None]"
25,54,6854581442,0,0,[],"[None, None]"
25,55,2189504431,0,0,[],"[None, None]"
25,56,3359333919,0,0,[],"[None, None]"
26,0,2896525936,0,0,[],"[None, None]"
26,1,12772227062,0,0,[],"[None, None]"
26,2,12774584141,0,0,[],"[None, None]"
26,3,12774691148,0,0,[],"[None, None]"
26,4,12774691150,0,0,[],"[None, None]"
26,5,12774691152,0,0,[],"[None, None]"
26,6,12774691153,0,0,[],"[None, None]"
26,7,12774691154,0,0,[],"[None, None]"
26,8,12772227061,0,0,[],"[None, None]"
26,9,12776127683,0,0,[],"[None, None]"
26,10,12776127686,0,0,[],"[None, None]"
26,11,12776127687,0,0,[],"[None, None]"
26,12,12776127688,0,0,[],"[None, None]"
26,13,12776127689,0,0,[],"[None, None]"
26,14,12776127690,0,0,[],"[None, None]"
26,15,12776127691,0,0,[],"[None, None]"
26,16,12777982601,0,0,[],"[None, None]"
26,17,12776127684,0,0,[],"[None, None]"
26,18,12772227060,0,0,[],"[None, None]"
26,19,12774691151,0,0,[],"[None, None]"
26,20,12772227058,0,0,[],"[None, None]"
26,21,5229674646,0,0,[],"[None, None]"
26,22,5318075316,0,0,[],"[None, None]"
26,23,12772227059,0,0,[],"[None, None]"
26,24,11780099853,0,0,[],"[None, None]"
26,25,12607605906,0,0,[],"[None, None]"
26,26,12248565005,0,0,[],"[None, None]"
26,27,8261604036,0,0,[],"[None, None]"
26,28,8564126440,0,0,[],"[None, None]"
26,29,13109905631,0,0,[],"[None, None]"
26,30,13403837890,0,0,[],"[None, None]"
26,31,8564126435,0,0,[],"[None, None]"
26,32,6417062246,0,0,[],"[None, None]"
26,33,9083346991,0,0,[],"[None, None]"
26,34,8564126438,0,0,[],"[None, None]"
26,35,12184400264,0,0,[],"[None, None]"
26,36,8563847378,0,0,[],"[None, None]"
26,37,5227263043,0,0,[],"[None, None]"
26,38,4638394171,0,0,[],"[None, None]"
26,39,6386646511,0,0,[],"[None, None]"
26,40,5315933054,0,0,[],"[None, None]"
26,41,5232087693,0,0,[],"[None, None]"
26,42,8293663947,0,0,[],"[None, None]"
26,43,8524589575,0,0,[],"[None, None]"
26,44,2183271343,0,0,[],"[None, None]"
26,45,8311429790,0,0,[],"[None, None]"
26,46,5227839640,0,0,[],"[None, None]"
26,47,9007776007,0,0,[],"[None, None]"
26,48,1174948856,0,0,[],"[None, None]"
26,49,12798065832,0,0,[],"[None, None]"
26,50,8246704820,0,0,[],"[None, None]"
26,51,2212686561,0,0,[],"[None, None]"
26,52,5227839750,0,0,[],"[None, None]"
26,53,4084644936,0,0,[],"[None, None]"
26,54,6854581442,0,0,[],"[None, None]"
26,55,2189504431,0,0,[],"[None, None]"
26,56,3359333919,0,0,[],"[None, None]"
27,0,2896525936,0,0,[],"[None, None]"
27,1,12772227062,0,0,[],"[None, None]"
27,2,12774584141,0,0,[],"[None, None]"
27,3,12774691148,0,0,[],"[None, None]"
27,4,12774691150,0,0,[],"[None, None]"
27,5,12774691152,0,0,[],"[None, None]"
27,6,12774691153,0,0,[],"[None, None]"
27,7,12774691154,0,0,[],"[None, None]"
27,8,12772227061,0,0,[],"[None, None]"
27,9,12776127683,0,0,[],"[None, None]"
27,10,12776127686,0,0,[],"[None, None]"
27,11,12776127687,0,0,[],"[None, None]"
27,12,12776127688,0,0,[],"[None, None]"
27,13,12776127689,0,0,[],"[None, None]"
27,14,12776127690,0,0,[],"[None, None]"
27,15,12776127691,0,0,[],"[None, None]"
27,16,12777982601,0,0,[],"[None, None]"
27,17,12776127684,0,0,[],"[None, None]"
27,18,12772227060,0,0,[],"[None, None]"
27,19,12774691151,0,0,[],"[None, None]"
27,20,12772227058,0,0,[],"[None, None]"
27,21,5229674646,0,0,[],"[None, None]"
27,22,5318075316,0,0,[],"[None, None]"
27,23,12772227059,0,0,[],"[None, None]"
27,24,11780099853,0,0,[],"[None, None]"
27,25,12607605906,0,0,[],"[None, None]"
27,26,12248565005,0,0,[],"[None, None]"
27,27,8261604036,0,0,[],"[None, None]"
27,28,8564126440,0,0,[],"[None, None]"
27,29,13109905631,0,0,[],"[None, None]"
27,30,13403837890,0,0,[],"[None, None]"
27,31,8564126435,0,0,[],"[None, None]"
27,32,6417062246,0,0,[],"[None, None]"
27,33,9083346991,0,0,[],"[None, None]"
27,34,8564126438,0,0,[],"[None, None]"
27,35,12184400264,0,0,[],"[None, None]"
27,36,8563847378,0,0,[],"[None, None]"
27,37,5227263043,0,0,[],"[None, None]"
27,38,4638394171,0,0,[],"[None, None]"
27,39,6386646511,0,0,[],"[None, None]"
27,40,5315933054,0,0,[],"[None, None]"
27,41,5232087693,0,0,[],"[None, None]"
27,42,8293663947,0,0,[],"[None, None]"
27,43,8524589575,0,0,[],"[None, None]"
27,44,2183271343,0,0,[],"[None, None]"
27,45,8311429790,0,0,[],"[None, None]"
27,46,5227839640,0,0,[],"[None, None]"
27,47,9007776007,0,0,[],"[None, None]"
27,48,1174948856,0,0,[],"[None, None]"
27,49,12798065832,0,0,[],"[None, None]"
27,50,8246704820,0,0,[],"[None, None]"
27,51,2212686561,0,0,[],"[None, None]"
27,52,5227839750,0,0,[],"[None, None]"
27,53,4084644936,0,0,[],"[None, None]"
27,54,6854581442,0,0,[],"[None, None]"
27,55,2189504431,0,0,[],"[None, None]"
27,56,3359333919,0,0,[],"[None, None]"
28,0,2896525936,0,0,[],"[None, None]"
28,1,12772227062,0,0,[],"[None, None]"
28,2,12774584141,0,0,[],"[None, None]"
28,3,12774691148,0,0,[],"[None, None]"
28,4,12774691150,0,0,[],"[None, None]"
28,5,12774691152,0,0,[],"[None, None]"
28,6,12774691153,0,0,[],"[None, None]"
28,7,12774691154,0,0,[],"[None, None]"
28,8,12772227061,0,0,[],"[None, None]"
28,9,12776127683,0,0,[],"[None, None]"
28,10,12776127686,0,0,[],"[None, None]"
28,11,12776127687,0,0,[],"[None, None]"
28,12,12776127688,0,0,[],"[None, None]"
28,13,12776127689,0,0,[],"[None, None]"
28,14,12776127690,0,0,[],"[None, None]"
28,15,12776127691,0,0,[],"[None, None]"
28,16,12777982601,0,0,[],"[None, None]"
28,17,12776127684,0,0,[],"[None, None]"
28,18,12772227060,0,0,[],"[None, None]"
28,19,12774691151,0,0,[],"[None, None]"
28,20,12772227058,0,0,[],"[None, None]"
28,21,5229674646,0,0,[],"[None, None]"
28,22,5318075316,0,0,[],"[None, None]"
28,23,12772227059,0,0,[],"[None, None]"
28,24,11780099853,0,0,[],"[None, None]"
28,25,12607605906,0,0,[],"[None, None]"
28,26,12248565005,0,0,[],"[None, None]"
28,27,8261604036,0,0,[],"[None, None]"
28,28,8564126440,0,0,[],"[None, None]"
28,29,13109905631,0,0,[],"[None, None]"
28,30,13403837890,0,0,[],"[None, None]"
28,31,8564126435,0,0,[],"[None, None]"
28,32,6417062246,0,0,[],"[None, None]"
28,33,9083346991,0,0,[],"[None, None]"
28,34,8564126438,0,0,[],"[None, None]"
28,35,12184400264,0,0,[],"[None, None]"
28,36,8563847378,0,0,[],"[None, None]"
28,37,5227263043,0,0,[],"[None, None]"
28,38,4638394171,0,0,[],"[None, None]"
28,39,6386646511,0,0,[],"[None, None]"
28,40,5315933054,0,0,[],"[None, None]"
28,41,5232087693,0,0,[],"[None, None]"
28,42,8293663947,0,0,[],"[None, None]"
28,43,8524589575,0,0,[],"[None, None]"
28,44,2183271343,0,0,[],"[None, None]"
28,45,8311429790,0,0,[],"[None, None]"
28,46,5227839640,0,0,[],"[None, None]"
28,47,9007776007,0,0,[],"[None, None]"
28,48,1174948856,0,0,[],"[None, None]"
28,49,12798065832,0,0,[],"[None, None]"
28,50,8246704820,0,0,[],"[None, None]"
28,51,2212686561,0,0,[],"[None, None]"
28,52,5227839750,0,0,[],"[None, None]"
28,53,4084644936,0,0,[],"[None, None]"
28,54,6854581442,0,0,[],"[None, None]"
28,55,2189504431,0,0,[],"[None, None]"
28,56,3359333919,0,0,[],"[None, None]"
29,0,2896525936,0,0,[],"[None, None]"
29,1,12772227062,0,0,[],"[None, None]"
29,2,12774584141,0,0,[],"[None, None]"
29,3,12774691148,0,0,[],"[None, None]"
29,4,12774691150,0,0,[],"[None, None]"
29,5,12774691152,0,0,[],"[None, None]"
29,6,12774691153,0,0,[],"[None, None]"
29,7,12774691154,0,0,[],"[None, None]"
29,8,12772227061,0,0,[],"[None, None]"
29,9,12776127683,0,0,[],"[None, None]"
29,10,12776127686,0,0,[],"[None, None]"
29,11,12776127687,0,0,[],"[None, None]"
29,12,12776127688,0,0,[],"[None, None]"
29,13,12776127689,0,0,[],"[None, None]"
29,14,12776127690,0,0,[],"[None, None]"
29,15,12776127691,0,0,[],"[None, None]"
29,16,12777982601,0,0,[],"[None, None]"
29,17,12776127684,0,0,[],"[None, None]"
29,18,12772227060,0,0,[],"[None, None]"
29,19,12774691151,0,0,[],"[None, None]"
29,20,12772227058,0,0,[],"[None, None]"
29,21,5229674646,0,0,[],"[None, None]"
29,22,5318075316,0,0,[],"[None, None]"
29,23,12772227059,0,0,[],"[None, None]"
29,24,11780099853,0,0,[],"[None, None]"
29,25,12607605906,0,0,[],"[None, None]"
29,26,12248565005,0,0,[],"[None, None]"
29,27,8261604036,0,0,[],"[None, None]"
29,28,8564126440,0,0,[],"[None, None]"
29,29,13109905631,0,0,[],"[None, None]"
29,30,13403837890,0,0,[],"[None, None]"
29,31,8564126435,0,0,[],"[None, None]"
29,32,6417062246,0,0,[],"[None, None]"
29,33,9083346991,0,0,[],"[None, None]"
29,34,8564126438,0,0,[],"[None, None]"
29,35,12184400264,0,0,[],"[None, None]"
29,36,8563847378,0,0,[],"[None, None]"
29,37,5227263043,0,0,[],"[None, None]"
29,38,4638394171,0,0,[],"[None, None]"
29,39,6386646511,0,0,[],"[None, None]"
29,40,5315933054,0,0,[],"[None, None]"
29,41,5232087693,0,0,[],"[None, None]"
29,42,8293663947,0,0,[],"[None, None]"
29,43,8524589575,0,0,[],"[None, None]"
29,44,2183271343,0,0,[],"[None, None]"
29,45,8311429790,0,0,[],"[None, None]"
29,46,5227839640,0,0,[],"[None, None]"
29,47,9007776007,0,0,[],"[None, None]"
29,48,1174948856,0,0,[],"[None, None]"
29,49,12798065832,0,0,[],"[None, None]"
29,50,8246704820,0,0,[],"[None, None]"
29,51,2212686561,0,0,[],"[None, None]"
29,52,5227839750,0,0,[],"[None, None]"
29,53,4084644936,0,0,[],"[None, None]"
29,54,6854581442,0,0,[],"[None, None]"
29,55,2189504431,0,0,[],"[None, None]"
29,56,3359333919,0,0,[],"[None, None]"
